instrument,entry_date,exit_date,holding_days,entry_z,pnl,sector
BK-JPM,1998-11-19,1998-12-24,24,2.948052946444333,-0.023166156916533457,Banks
BK-JPM,1998-12-28,1998-12-29,1,4.240337912446223,-0.00499098122186278,Banks
BK-JPM,1998-12-30,1998-12-31,1,4.962610691291302,-0.004561634960748282,Banks
BK-JPM,1999-01-04,1999-01-05,1,4.803591875981815,0.0056981514022662605,Banks
BK-JPM,1999-01-06,1999-01-07,1,4.0643406631855825,0.004672957008420537,Banks
FCX-NUE,1998-12-22,1999-02-01,26,-1.9308636688941136,-0.03929971160646779,Materials
FCX-NUE,1999-02-02,1999-02-03,1,-4.167591299459906,0.005404581473112909,Materials
APC-OXY,1998-12-02,1999-02-08,45,-3.584247717504132,0.022568952086799356,Energy
LMT-RTN,1998-12-29,1999-01-07,6,-2.9455351424596294,-0.03061487880290792,Aerospace & Defense
LMT-RTN,1999-01-08,1999-01-11,1,-4.7187523725637135,0.0016254570493381608,Aerospace & Defense
LMT-RTN,1999-01-12,1999-01-13,1,-4.714370795758859,-0.002521466607743149,Aerospace & Defense
LMT-RTN,1999-01-14,1999-01-15,1,-5.237005274119195,0.0026403454570332993,Aerospace & Defense
LMT-RTN,1999-01-19,1999-01-20,1,-5.5182854408261575,-0.012810876273503446,Aerospace & Defense
LMT-RTN,1999-01-21,1999-01-22,1,-5.005738361084941,0.0083069643468174,Aerospace & Defense
LMT-RTN,1999-01-25,1999-01-26,1,-5.364605023900171,-0.004184660312623024,Aerospace & Defense
LMT-RTN,1999-01-27,1999-01-28,1,-5.745901149955128,-0.009821531193424849,Aerospace & Defense
LMT-RTN,1999-01-29,1999-02-01,1,-6.938199897678767,0.0035323167066298343,Aerospace & Defense
LMT-RTN,1999-02-02,1999-02-03,1,-5.383593073960441,0.0018656420689420344,Aerospace & Defense
LMT-RTN,1999-02-04,1999-02-05,1,-5.287691257129597,-0.005812280904497673,Aerospace & Defense
LMT-RTN,1999-02-08,1999-02-09,1,-5.93754107484264,0.006096800381877692,Aerospace & Defense
JPM-STT,1999-04-05,1999-04-28,17,-3.0516580626626606,-0.03907478135345649,Banks
JPM-STT,1999-04-29,1999-04-30,1,-4.152626087558107,0.025748086633144478,Banks
APC-XOM,1999-04-19,1999-04-30,9,3.8024325275573987,-0.04239061599196428,Energy
APC-XOM,1999-05-03,1999-05-04,1,4.481805497904026,-0.05150999695990571,Energy
APC-XOM,1999-05-05,1999-05-06,1,4.151234026605583,0.034971241824204885,Energy
DUK-PEG,1999-02-25,1999-03-31,24,-2.9570881817968475,-0.013708888734249485,Utilities
DUK-PEG,1999-04-01,1999-04-05,1,-4.396037461001938,0.004571194266675677,Utilities
DUK-PEG,1999-04-06,1999-04-07,1,-4.871241459819304,-0.002286729550008625,Utilities
DUK-PEG,1999-04-08,1999-04-09,1,-4.837776124469277,-0.0004634511096771551,Utilities
DUK-PEG,1999-04-12,1999-04-13,1,-5.27881691519946,-0.00027448277648516793,Utilities
DUK-PEG,1999-04-14,1999-04-15,1,-6.203387383529273,-0.0007454791850464676,Utilities
DUK-PEG,1999-04-16,1999-04-19,1,-5.300971478455943,-0.0026704480690010837,Utilities
DUK-PEG,1999-04-20,1999-04-21,1,-5.447204714442841,-0.003619120966077419,Utilities
DUK-PEG,1999-04-22,1999-04-23,1,-5.61565085124165,-0.005079449432015074,Utilities
DUK-PEG,1999-04-26,1999-04-27,1,-6.777854887864725,-0.0004744132248892148,Utilities
DUK-PEG,1999-04-28,1999-04-29,1,-5.481470554081018,0.0059768895979998215,Utilities
DUK-PEG,1999-04-30,1999-05-03,1,-4.987783812902135,8.98652114008733e-05,Utilities
DUK-PEG,1999-05-04,1999-05-05,1,-5.832482069608584,-0.006088005529417568,Utilities
DUK-PEG,1999-05-06,1999-05-07,1,-5.555288612271236,0.002460123189925389,Utilities
DUK-PEG,1999-05-10,1999-05-11,1,-6.1214133256335845,-0.001580287724198301,Utilities
LLY-MRK,1999-06-29,1999-07-19,13,-2.3712050058731253,0.034707064543471396,Pharma & Med Device
ETR-PEG,1999-08-17,1999-09-15,20,-2.1813483387267563,0.019815079423459572,Utilities
GIS-KO,1999-09-08,1999-09-30,16,2.6042264516519573,-0.09408232932500214,Staples - Food & Beverage
GIS-KO,1999-10-01,1999-10-04,1,4.274558172214316,0.028528528544028896,Staples - Food & Beverage
GIS-KO,1999-10-05,1999-10-06,1,4.658407623207572,-0.0018163281290855112,Staples - Food & Beverage
GIS-KO,1999-10-07,1999-10-14,5,3.525476928614365,-0.03942476576950963,Staples - Food & Beverage
GIS-KO,1999-10-15,1999-10-18,1,4.010138017337626,0.009363643335203307,Staples - Food & Beverage
BAX-MDT,2000-01-10,2000-02-07,19,2.305418776278874,-0.10058015335894258,Pharma & Med Device
BAX-MDT,2000-02-08,2000-02-09,1,4.769559611464821,-0.005432195613223773,Pharma & Med Device
C-WFC,1999-12-17,2000-01-20,22,2.470236320348371,-0.0539605406930293,Banks
C-WFC,2000-01-21,2000-01-24,1,4.538679680982941,0.010585119463277445,Banks
C-WFC,2000-01-25,2000-01-27,2,3.9234186480930666,0.025484248024745935,Banks
ABC-CVS,1999-12-17,1999-12-31,9,2.5981844839312647,0.15508055770643595,Healthcare Services
ABC-CVS,2000-01-14,2000-02-09,17,2.8582687472213157,0.15415606574713775,Healthcare Services
HD-JWN,1999-12-13,1999-12-28,10,2.8583084785812423,-0.027091047912419862,Retail
HD-JWN,1999-12-29,1999-12-30,1,4.402270867243021,0.0011533733555372382,Retail
HD-JWN,1999-12-31,2000-01-03,1,4.845016558886896,-0.006927810868680249,Retail
JNJ-MDT,2000-03-23,2000-03-31,6,2.660153214343441,0.0437281544634022,Pharma & Med Device
AFL-AIG,2000-02-24,2000-03-17,16,-3.190940169262712,0.19199491752883258,Insurance
AFL-AIG,2000-04-04,2000-04-18,10,2.267926671070704,0.1247047405748717,Insurance
AXP-COF,2000-10-12,2000-11-01,14,-2.840404916690265,0.024213290464138216,Capital Markets & Cards
CL-CLX,2000-09-19,2000-10-25,26,-3.1210772322283447,0.044402806096920946,Staples - Household
JNJ-MRK,2000-10-23,2000-10-30,5,-3.6243315027919265,-0.025656027589066075,Pharma & Med Device
JNJ-MRK,2000-10-31,2000-11-01,1,-4.733920599128732,-0.013948148922506414,Pharma & Med Device
JNJ-MRK,2000-11-02,2000-11-03,1,-4.771598120934178,0.003632475028062571,Pharma & Med Device
JNJ-MRK,2000-11-06,2000-11-07,1,-4.756317678182862,-0.01874730215659349,Pharma & Med Device
BAC-JPM,2000-11-20,2000-12-26,24,-2.9964955460470213,0.056470812736525,Banks
BDX-BMY,2000-11-28,2001-01-22,36,3.019927676261933,0.004668300206629271,Pharma & Med Device
HPQ-XRX,2000-11-14,2001-01-09,37,-2.230056086058026,0.005654596805248819,Tech - Hardware
MAS-PPG,2000-12-06,2000-12-15,7,2.03600170980567,0.03172855072660758,Materials
APA-OXY,2001-03-29,2001-04-04,4,-2.863097580257015,-0.02031247607420801,Energy
APA-OXY,2001-04-05,2001-04-24,12,-3.7481521231160184,-0.003012272859665928,Energy
APA-OXY,2001-04-25,2001-04-26,1,-4.361887469762046,0.0010046054572969566,Energy
APA-OXY,2001-04-27,2001-04-30,1,-4.361818578211544,-0.005759444261039124,Energy
APA-OXY,2001-05-01,2001-05-02,1,-4.925807512750624,0.0011877480480205675,Energy
APA-OXY,2001-05-03,2001-05-04,1,-5.455448896997271,-0.011033390481720353,Energy
APA-OXY,2001-05-07,2001-05-08,1,-5.339310571483026,0.002529332215066131,Energy
APA-OXY,2001-05-09,2001-05-10,1,-5.372372599844483,0.0015166458130595546,Energy
ABC-CVS,2001-06-18,2001-06-28,8,2.8289479017651025,-0.054949321686951824,Healthcare Services
ABC-CVS,2001-06-29,2001-07-02,1,4.3167748290250545,0.010980969303931477,Healthcare Services
ABC-CVS,2001-07-03,2001-07-05,1,4.8582477728398334,0.0027371145119615267,Healthcare Services
ABC-CVS,2001-07-06,2001-07-09,1,4.356243054025113,0.0027191080311881467,Healthcare Services
ABC-CVS,2001-07-10,2001-07-11,1,4.17342604686039,0.0049680477687150774,Healthcare Services
ABC-CVS,2001-07-12,2001-07-13,1,4.125813443176918,-0.0029730382230384596,Healthcare Services
ABC-CVS,2001-07-16,2001-07-17,1,4.181584233506838,-0.001751599730731555,Healthcare Services
ABC-CVS,2001-07-18,2001-07-19,1,4.435581173120992,-0.0033529187539709706,Healthcare Services
ABC-CVS,2001-07-20,2001-07-23,1,4.321363448079061,0.0016504857026025956,Healthcare Services
ABC-CVS,2001-07-24,2001-07-27,3,3.9683082194142068,-0.02887154797450784,Healthcare Services
ABC-CVS,2001-07-30,2001-07-31,1,5.382000487605567,-0.005679698405099905,Healthcare Services
ABC-CVS,2001-08-01,2001-08-02,1,5.4477522053121525,0.009090978043910548,Healthcare Services
ABC-CVS,2001-08-03,2001-08-06,1,5.149418571633104,-0.010007897997608543,Healthcare Services
ABC-CVS,2001-08-07,2001-08-08,1,5.009693044783004,0.005140157794831573,Healthcare Services
JNJ-LLY,2001-06-18,2001-07-18,21,2.5475704054482518,-0.01889612195523045,Pharma & Med Device
DOV-ETN,2001-09-18,2001-09-21,3,-3.2352516269642484,-0.05993625653652451,Machinery
DOV-ETN,2001-09-24,2001-09-25,1,-4.06146992276265,0.008469360298708288,Machinery
DOV-ETN,2001-09-26,2001-09-27,1,-4.626100564336702,-0.017326268489764672,Machinery
DOV-ETN,2001-09-28,2001-10-01,1,-4.197148994220783,0.02146913139304943,Machinery
DOV-ETN,2001-10-02,2001-10-03,1,-4.414168235266042,0.0052341733548356174,Machinery
CLX-ECL,2001-09-21,2001-09-24,1,-4.370483354096958,0.07049174106071784,Staples - Household
CLX-ECL,2001-09-25,2001-11-12,34,-2.4216340232123206,0.07825288331923362,Staples - Household
LLY-PKI,2002-03-04,2002-03-05,1,4.378360713532185,-0.006436081553703138,Pharma & Med Device
LLY-PKI,2002-03-06,2002-03-12,4,3.9515444240024036,-0.004455027574479181,Pharma & Med Device
LLY-PKI,2002-03-13,2002-03-14,1,4.054562892823181,7.146603897925408e-05,Pharma & Med Device
LLY-PKI,2002-03-15,2002-03-18,1,4.199414805188231,0.0004490589695491597,Pharma & Med Device
LLY-PKI,2002-03-19,2002-03-20,1,4.196745759392806,0.0001723899748967221,Pharma & Med Device
LLY-PKI,2002-03-21,2002-04-12,15,3.849311623838299,-0.017681260060481097,Pharma & Med Device
LLY-PKI,2002-04-15,2002-04-16,1,5.5063884766996205,0.004118879302642736,Pharma & Med Device
LLY-PKI,2002-04-17,2002-04-18,1,4.474695356911208,0.004371378210117146,Pharma & Med Device
LLY-PKI,2002-04-19,2002-04-22,1,4.467568670242737,0.003341846106899485,Pharma & Med Device
LLY-PKI,2002-04-23,2002-04-24,1,4.273225331026996,0.001565715322989726,Pharma & Med Device
LLY-PKI,2002-04-25,2002-04-26,1,4.162191730656306,-0.0034685167172162886,Pharma & Med Device
KO-PEP,2002-03-27,2002-05-01,24,2.646272764532201,-0.01847131957280339,Staples - Food & Beverage
KO-PEP,2002-05-02,2002-05-03,1,4.930362023805692,0.0010562323127995452,Staples - Food & Beverage
KO-PEP,2002-05-06,2002-05-07,1,4.528209766514769,-0.0015298634671510756,Staples - Food & Beverage
KO-PEP,2002-05-08,2002-05-09,1,4.50368094079008,-0.0004976131775371122,Staples - Food & Beverage
KO-PEP,2002-05-10,2002-05-13,1,4.413673675334295,0.001291926805678381,Staples - Food & Beverage
KO-PEP,2002-05-14,2002-05-15,1,4.523869426019028,0.0012766839632925371,Staples - Food & Beverage
ADSK-ORCL,2002-05-06,2002-05-07,1,-4.495230470149125,0.006076491728995823,Tech - Software
ADSK-ORCL,2002-05-08,2002-05-13,3,-3.484218448702156,0.003919334648169287,Tech - Software
LRCX-TXN,2002-06-24,2002-08-06,30,2.2161165279157045,-0.047418924999341514,Tech - Semiconductors
BAX-BDX,2002-07-22,2002-08-15,18,2.7786903372588765,0.08278373765753032,Pharma & Med Device
CPB-GIS,2002-07-17,2002-08-09,17,-1.8672416914901941,-0.021944089901255428,Staples - Food & Beverage
CPB-GIS,2002-08-12,2002-08-13,1,-4.436334479981636,-0.00022281649564375133,Staples - Food & Beverage
CPB-GIS,2002-08-14,2002-08-15,1,-4.625900103591436,-0.002931100922892682,Staples - Food & Beverage
CVX-XOM,2002-07-22,2002-07-23,1,-4.90949997727726,-0.01052919661627115,Energy
CVX-XOM,2002-07-24,2002-07-25,1,-5.379248456397458,0.0034474030527472874,Energy
CVX-XOM,2002-07-26,2002-07-29,1,-5.558521982419847,0.003226443291216354,Energy
CVX-XOM,2002-07-30,2002-07-31,1,-4.685950619945448,-0.0007054777527950185,Energy
CVX-XOM,2002-08-01,2002-08-02,1,-5.318071081421323,-0.007291322801711327,Energy
CVX-XOM,2002-08-05,2002-08-06,1,-6.223191877906449,-0.005470376234317363,Energy
CVX-XOM,2002-08-07,2002-08-08,1,-4.83758564878142,0.003115720979208386,Energy
GPS-TJX,2002-08-19,2002-10-16,41,-2.1167553137897923,0.000676857707674427,Retail
AEP-DUK,2002-10-09,2002-10-10,1,-6.304981941627105,-0.032173966192597034,Utilities
AEP-DUK,2002-10-11,2002-10-14,1,-4.951781932884072,-0.029420546206571856,Utilities
AEP-DUK,2002-10-15,2002-10-16,1,-6.280330530047398,-0.009582041548215976,Utilities
AEP-DUK,2002-10-17,2002-10-18,1,-7.200403925889948,0.0009334680382251936,Utilities
AEP-DUK,2002-10-21,2002-10-22,1,-6.349207845879588,0.016341335743887717,Utilities
AEP-DUK,2002-10-23,2002-10-24,1,-4.901934352285097,0.013203597562607364,Utilities
AEP-DUK,2002-10-25,2002-11-05,7,-2.152350410991764,0.041790864566383104,Utilities
CAG-HSY,2003-03-11,2003-03-31,14,-2.800156252200266,-0.01740028903805361,Staples - Food & Beverage
ED-PEG,2003-05-28,2003-07-14,32,2.6825635626087014,0.015856483863606365,Utilities
COST-HD,2003-08-06,2003-08-07,1,-4.217004406228485,-0.012342077941999822,Retail
COST-HD,2003-08-08,2003-08-11,1,-4.545566680523804,-0.0018613175191188026,Retail
COST-HD,2003-08-12,2003-08-13,1,-4.146805566112859,-0.0015826605563520326,Retail
GIS-HSY,2003-06-13,2003-08-01,34,2.8087919676765294,0.004470574811751335,Staples - Food & Beverage
LNC-MMC,2003-10-15,2003-10-31,12,2.4924876750309615,-0.029586088622875296,Insurance
LNC-MMC,2003-11-03,2003-11-04,1,4.801646534993158,0.019341355956513904,Insurance
LNC-MMC,2003-11-05,2003-11-06,1,4.348452838711405,0.007709963378520485,Insurance
LNC-MMC,2003-11-07,2003-11-12,3,3.92118853429619,0.0011761092872430588,Insurance
ADI-AMD,2003-09-05,2003-11-04,42,-2.701414295892447,-0.10093136860360345,Tech - Semiconductors
ADI-AMD,2003-11-05,2003-11-06,1,-4.484089358153454,-0.009816005594927646,Tech - Semiconductors
ADI-AMD,2003-11-07,2003-11-10,1,-4.388176355310207,0.017176205233416807,Tech - Semiconductors
ADI-AMD,2003-11-11,2003-11-12,1,-4.3032381350277795,-0.0009722017210154388,Tech - Semiconductors
ABT-BMY,2004-01-20,2004-02-06,13,-2.680989564975016,0.022300878121234022,Pharma & Med Device
APA-MRO,2004-03-26,2004-05-11,31,2.920464605082706,0.017938169063082054,Energy
CAT-DE,2004-03-10,2004-05-04,38,-2.5417132612080766,-0.00169335013751871,Machinery
APC-CVX,2004-07-08,2004-08-05,20,2.3672279801232246,0.021065377129851178,Energy
HUM-MCK,2004-07-09,2004-07-21,8,-2.857226827272855,0.059595539310565805,Healthcare Services
D-SO,2004-10-07,2004-11-15,27,2.1127866041158443,-0.009239852819008005,Utilities
AIG-CB,2004-09-02,2004-10-01,20,2.7703360974888214,0.024315700386226578,Insurance
AEP-D,2004-12-13,2005-01-31,33,-2.979682867932172,-0.004257787756094349,Utilities
AEP-D,2005-02-01,2005-02-08,5,-2.8923754061870013,-0.012942498036923667,Utilities
AEP-D,2005-02-09,2005-02-10,1,-4.710607293603124,-0.00231977195945511,Utilities
AEP-D,2005-02-11,2005-02-14,1,-4.90065052820365,0.0018156234085862427,Utilities
APD-NEM,2004-12-10,2005-02-08,40,2.456408789884779,-0.018243425217355645,Materials
APD-NEM,2005-02-09,2005-02-10,1,4.228371401985879,0.002561428428046187,Materials
APD-NEM,2005-02-11,2005-02-14,1,4.419124431502184,-0.0012240982943615701,Materials
APD-MAS,2005-02-24,2005-02-25,1,4.737168681804447,-0.00839644092172468,Materials
APD-MAS,2005-02-28,2005-03-01,1,4.879405025353896,0.001410241153823593,Materials
APD-MAS,2005-03-02,2005-03-03,1,4.886991758449229,-0.003145384325637227,Materials
APD-MAS,2005-03-04,2005-03-07,1,5.605278811559143,0.0011669188878448275,Materials
APD-MAS,2005-03-08,2005-03-09,1,5.511446838265544,-0.004664552432121121,Materials
APD-MAS,2005-03-10,2005-03-11,1,5.942641589667247,0.004181773241745141,Materials
APD-MAS,2005-03-14,2005-03-15,1,5.869021654485572,-0.0002785591831935712,Materials
APD-MAS,2005-03-16,2005-03-17,1,4.938754167955751,0.00438962519205778,Materials
APD-MAS,2005-03-18,2005-03-21,1,5.339159003332876,0.001301196201096816,Materials
APD-MAS,2005-03-22,2005-03-23,1,4.940596298054466,-0.00021805681806558023,Materials
APD-MAS,2005-03-24,2005-03-28,1,5.094476062188858,-0.0018336997573929095,Materials
APD-MAS,2005-03-29,2005-03-30,1,4.421112591265276,0.0011928077202083668,Materials
APD-MAS,2005-03-31,2005-04-01,1,4.605986346296243,-0.00032453763708530515,Materials
APD-MAS,2005-04-04,2005-04-05,1,4.692199334274361,0.00020364769217455817,Materials
APD-MAS,2005-04-06,2005-04-07,1,4.9413485295418464,-8.788712494853381e-05,Materials
APD-MAS,2005-04-08,2005-04-11,1,4.737736811437267,0.0018374720893871057,Materials
APD-MAS,2005-04-12,2005-04-13,1,4.07112795841755,0.004116318270914353,Materials
APD-MAS,2005-04-14,2005-05-02,12,3.218051199061473,-0.005311880401063156,Materials
APD-MAS,2005-05-03,2005-05-04,1,5.771898261405426,-0.0076384899796345385,Materials
APD-MAS,2005-05-05,2005-05-06,1,5.534310230173869,0.0015582615560956888,Materials
APD-MAS,2005-05-09,2005-05-10,1,5.289457114295523,0.0019282028311471255,Materials
APD-MAS,2005-05-11,2005-05-12,1,5.384255045953842,-0.004404140969353421,Materials
APD-MAS,2005-05-13,2005-05-16,1,4.782183765173837,-0.00045460496748241254,Materials
DIS-T,2005-10-10,2005-11-03,18,-2.6250141382855023,0.04202419998117784,Media & Telecom
PCAR-SWK,2005-10-17,2005-11-09,17,-3.273718431227503,0.025849541950837166,Machinery
LMT-RTN,2005-10-11,2005-11-11,23,2.6078260158585564,0.02283853426726527,Aerospace & Defense
CMCSA-T,2006-01-27,2006-02-02,4,3.6909824424974818,-0.05037600709363092,Media & Telecom
CMCSA-T,2006-02-03,2006-02-06,1,4.652219746991135,-0.01705683804172429,Media & Telecom
CMCSA-T,2006-02-07,2006-02-08,1,4.751752262816849,0.008186961151609353,Media & Telecom
CMCSA-T,2006-02-09,2006-02-10,1,4.9959379421449395,0.018558935725077032,Media & Telecom
CMCSA-T,2006-02-13,2006-02-14,1,5.605500282842669,-0.0015222694976787777,Media & Telecom
ECL-PG,2005-12-14,2006-01-30,30,3.9451015099686204,-0.012883618391417846,Staples - Household
ECL-PG,2006-01-31,2006-02-02,2,3.7347562461227484,-0.01203558579903523,Staples - Household
APA-COP,2006-06-13,2006-06-30,13,-3.5605395045219272,0.03281649527138658,Energy
GIS-KO,2006-05-26,2006-07-26,41,3.098383073686401,-0.0008606502240750492,Staples - Food & Beverage
GPS-WMT,2006-10-11,2006-10-31,14,2.994730918607566,-0.016608825279944152,Retail
GPS-WMT,2006-11-01,2006-11-02,1,4.0599918223563565,0.01869203071620652,Retail
APA-COP,2006-10-04,2006-10-20,12,-2.264666509708061,0.04658409634069722,Energy
BK-STT,2006-12-05,2007-01-18,28,3.7355115847310287,0.022903391090853237,Banks
ADBE-MSFT,2007-03-28,2007-05-01,23,2.1316070652479593,0.02941096577229936,Tech - Software
AMD-MU,2007-07-12,2007-07-27,11,-1.9565468600225513,0.05653481335599427,Tech - Semiconductors
CPB-MO,2007-08-06,2007-08-10,4,-1.502793659999992,-0.013682902456120744,Staples - Food & Beverage
EMR-ETN,2007-07-18,2007-08-01,10,2.219514228393308,0.014507382559522893,Machinery
COST-TGT,2007-10-11,2007-10-23,8,3.4007092813811624,-0.006177066371986035,Retail
COST-TGT,2007-10-24,2007-11-01,6,3.2864886242004525,-0.004961492940825294,Retail
COST-TGT,2007-11-02,2007-11-05,1,4.507375366685447,-0.0013306055295979023,Retail
COST-TGT,2007-11-06,2007-11-07,1,5.3030112268889384,-0.0042344783760237354,Retail
COST-TGT,2007-11-08,2007-11-09,1,5.165611813328074,-0.008030530504544836,Retail
COST-TGT,2007-11-12,2007-11-13,1,5.866359185535592,0.007694094627257254,Retail
COST-TGT,2007-11-14,2007-11-15,1,5.916312924261808,-0.008018344048962357,Retail
HAL-MRO,2007-09-21,2007-10-12,15,3.001672594246461,-0.017108386011812665,Energy
HAL-MRO,2007-10-15,2007-10-16,1,4.397101129672676,0.0016213874319199214,Energy
HAL-MRO,2007-10-17,2007-10-18,1,4.49910229318906,-0.00237235767188175,Energy
HAL-MRO,2007-10-19,2007-10-26,5,2.9623725666488685,-0.007166047534175469,Energy
BK-C,2008-01-22,2008-02-04,9,-2.155750537740502,0.05351533062814889,Banks
T-VZ,2007-12-10,2007-12-13,3,-3.301335610921811,0.022625551544193587,Media & Telecom
MRK-SYK,2008-04-01,2008-04-16,11,-3.325305785414577,0.032456321719611866,Pharma & Med Device
LLY-MDT,2008-05-22,2008-06-27,25,-2.5863357309097315,-0.016001131023282864,Pharma & Med Device
LLY-MDT,2008-06-30,2008-07-01,1,-4.317358541402636,-0.0025372892831001604,Pharma & Med Device
LLY-MDT,2008-07-02,2008-07-08,3,-3.9332826496931164,0.0006054729413717849,Pharma & Med Device
LLY-MDT,2008-07-09,2008-07-17,6,-3.6480056253015816,-0.010360975124560282,Pharma & Med Device
LLY-MDT,2008-07-18,2008-07-21,1,-4.25033160640116,-0.0005529145157412456,Pharma & Med Device
LLY-MDT,2008-07-22,2008-07-23,1,-5.3445725017715775,-0.005936759953353406,Pharma & Med Device
LLY-MDT,2008-07-24,2008-07-25,1,-4.177522265681376,-0.005416675401643888,Pharma & Med Device
LLY-MDT,2008-07-28,2008-07-29,1,-4.114030768137618,0.002394054264102526,Pharma & Med Device
LLY-MDT,2008-07-30,2008-07-31,1,-4.218891516098395,-0.0073357348799638926,Pharma & Med Device
LLY-MDT,2008-08-01,2008-08-04,1,-4.073287069666894,0.0008974202059639645,Pharma & Med Device
LLY-MDT,2008-08-05,2008-08-06,1,-4.582464523280969,-0.006833804031237068,Pharma & Med Device
LLY-MDT,2008-08-07,2008-08-11,2,-3.9521574058483675,0.0022185516671162308,Pharma & Med Device
LLY-MDT,2008-08-12,2008-08-14,2,-3.406545366594539,-0.0050424507401899,Pharma & Med Device
LLY-MDT,2008-08-15,2008-08-18,1,-4.122598451446875,-0.0014908072915413505,Pharma & Med Device
COP-SLB,2008-06-02,2008-07-16,31,2.582431431122455,0.015678667808426593,Energy
DUK-PEG,2008-06-30,2008-07-25,18,-2.733613831397547,0.01576623440322851,Utilities
K-MO,2008-06-27,2008-07-24,18,-3.7314466498095866,0.026774573159939065,Staples - Food & Beverage
PEP-MO,2008-09-17,2008-10-14,19,3.4987314741142947,0.06783082353831082,Staples - Food & Beverage
PEP-MO,2008-10-21,2008-11-04,10,-1.9644023193012266,0.01591269107095959,Staples - Food & Beverage
PNC-USB,2008-09-19,2008-09-30,7,3.1187589494814327,0.13677935904469535,Banks
APA-OXY,2008-10-08,2008-10-10,2,3.0609714429149024,-0.030961581398416156,Energy
APA-OXY,2008-10-13,2008-10-14,1,4.740117500259653,-0.00357185209227737,Energy
APA-OXY,2008-10-15,2008-10-16,1,5.823691065714527,-0.014245978504619164,Energy
APA-OXY,2008-10-17,2008-10-20,1,5.728291722562296,0.016378029892439645,Energy
APA-OXY,2008-10-21,2008-10-22,1,5.234509451467458,-0.022769196950624133,Energy
APA-OXY,2008-10-23,2008-10-24,1,4.499676147384519,-0.003298937025390747,Energy
APA-OXY,2008-10-27,2008-10-28,1,6.04677753793804,0.019090757098188846,Energy
APA-OXY,2008-10-29,2008-11-12,10,3.6932842915246837,-0.019679374090234448,Energy
APA-OXY,2008-11-13,2008-11-14,1,5.16048725228989,0.0037484588260442587,Energy
HD-JWN,2008-10-02,2008-10-14,8,3.0625832112492244,-0.021292153536424392,Retail
HD-JWN,2008-10-15,2008-10-16,1,5.677930260608506,-0.005086303404236946,Retail
HD-JWN,2008-10-17,2008-10-20,1,5.909484662238888,-0.005131289658327608,Retail
HD-JWN,2008-10-21,2008-10-22,1,4.9569629760455145,0.006931705784534494,Retail
HD-JWN,2008-10-23,2008-10-24,1,4.639184298579271,-0.013741076332947709,Retail
HD-JWN,2008-10-27,2008-10-28,1,6.751128440732494,-0.016214114083591566,Retail
HD-JWN,2008-10-29,2008-10-30,1,8.300287114945775,-0.007548510072893373,Retail
HD-JWN,2008-10-31,2008-11-03,1,7.469484865237871,0.0181116658663694,Retail
HD-JWN,2008-11-04,2008-11-05,1,8.320852238386223,-0.014840113057823798,Retail
HD-JWN,2008-11-06,2008-11-07,1,7.952992170195719,5.33749693877037e-05,Retail
HD-JWN,2008-11-10,2008-11-11,1,9.061389121397001,-0.012613136800063027,Retail
HD-JWN,2008-11-12,2008-11-13,1,9.892529581378204,-0.00444784782818042,Retail
AMD-LRCX,2008-11-25,2009-01-14,33,-2.820761334787244,0.024777815343619138,Tech - Semiconductors
ABC-HUM,2009-02-27,2009-03-03,2,3.2523429105940678,-0.013217057713096664,Healthcare Services
ABC-HUM,2009-03-04,2009-03-05,1,4.164889383923629,-0.0016013428416154153,Healthcare Services
ABC-HUM,2009-03-06,2009-03-09,1,4.746801156973939,0.005877256783303561,Healthcare Services
ABC-HUM,2009-03-10,2009-04-24,32,3.946434371839665,0.022220964622913494,Healthcare Services
MAS-VMC,2009-03-13,2009-04-17,24,1.8908634112329874,0.200772344443895,Materials
KLAC-LRCX,2009-12-03,2010-01-27,36,-2.1895605047208715,0.00010289687773820579,Tech - Semiconductors
PEG-SO,2010-07-15,2010-07-28,9,2.7060196001563215,-0.022696721433553144,Utilities
AIG-MMC,2010-06-08,2010-06-15,5,2.2176525125050617,0.10287276417733388,Insurance
ADI-AMD,2010-09-29,2010-11-01,23,2.3846807471282356,-0.015343695343176277,Tech - Semiconductors
ADI-AMD,2010-11-02,2010-11-03,1,4.464720312865664,-0.0005154571086711038,Tech - Semiconductors
ADI-AMD,2010-11-04,2010-11-05,1,4.892060445796387,-0.0019119511009886858,Tech - Semiconductors
ADI-AMD,2010-11-08,2010-11-09,1,4.640009204933584,-0.0003449743824035911,Tech - Semiconductors
ADI-AMD,2010-11-10,2010-11-11,1,4.416470932262887,0.006698684366274528,Tech - Semiconductors
ADI-AMD,2010-11-12,2010-11-15,1,4.141523156764722,-0.001909142372947291,Tech - Semiconductors
AXP-COF,2010-12-01,2010-12-21,14,2.754290535753196,0.022359650286192818,Capital Markets & Cards
GPS-LOW,2010-12-22,2010-12-31,6,-2.5216775354394003,0.022760725932411584,Retail
GPS-LOW,2011-01-18,2011-01-28,8,-2.7040703502391774,-0.02632849367876124,Retail
ADI-KLAC,2010-11-23,2011-01-18,37,2.9506413431733405,-0.0034382726191769302,Tech - Semiconductors
FE-PEG,2011-05-11,2011-05-18,5,2.9947708541156173,-0.028177776693021888,Utilities
NEM-VMC,2011-03-17,2011-04-01,11,-2.4645860081693702,0.024014347684131087,Materials
C-WFC,2011-07-20,2011-08-08,13,-3.176150977914548,-0.01884198845323582,Banks
C-WFC,2011-08-09,2011-08-10,1,-5.330570153904026,0.014932324585985656,Banks
C-WFC,2011-08-11,2011-08-12,1,-6.229183393666371,0.0027046542510673513,Banks
C-WFC,2011-08-15,2011-08-16,1,-6.008775404265029,-0.000594955481174589,Banks
GPS-JWN,2011-05-23,2011-05-25,2,-3.555662042086341,-0.005497819957966739,Retail
GPS-JWN,2011-05-26,2011-05-27,1,-4.170355332795192,0.0009226808136670827,Retail
GPS-JWN,2011-05-31,2011-06-03,3,-3.946810953794954,-0.005037110139556562,Retail
GPS-JWN,2011-06-06,2011-06-07,1,-4.489662867690402,0.0013617582755740174,Retail
GPS-JWN,2011-06-08,2011-06-09,1,-4.6779773683499135,0.0023822100158643364,Retail
GPS-JWN,2011-06-10,2011-06-13,1,-4.334295514351291,0.000539355476061879,Retail
GPS-JWN,2011-06-14,2011-06-15,1,-4.956385580382758,-0.002703885871966723,Retail
GPS-JWN,2011-06-16,2011-06-17,1,-4.866514030150072,-0.0009519958104633869,Retail
GPS-JWN,2011-06-20,2011-06-21,1,-4.885118841222911,-0.002835283424881624,Retail
GPS-JWN,2011-06-22,2011-06-23,1,-5.561750185053641,-0.004483965988054406,Retail
GPS-JWN,2011-06-24,2011-06-27,1,-5.519014774971014,-0.0010680708187939174,Retail
GPS-JWN,2011-06-28,2011-06-29,1,-5.659420896985794,-0.0006580377709239072,Retail
GPS-JWN,2011-06-30,2011-07-01,1,-5.68651602561203,-0.0002443406898381781,Retail
GPS-JWN,2011-07-05,2011-07-06,1,-5.96572000706704,-0.0041014499384849756,Retail
GPS-JWN,2011-07-07,2011-07-08,1,-5.2649343356557425,-0.0001618821384508888,Retail
GPS-JWN,2011-07-11,2011-07-12,1,-5.817759146347796,-0.002616999313289645,Retail
GPS-JWN,2011-07-13,2011-07-14,1,-5.6573498195049705,-0.002596433828627709,Retail
GPS-JWN,2011-07-15,2011-07-18,1,-5.6943604440875255,0.0005517689377461277,Retail
GPS-JWN,2011-07-19,2011-07-20,1,-5.691973809761664,-0.0014188233763899865,Retail
GPS-JWN,2011-07-21,2011-07-22,1,-5.324061480194291,0.0010714038483422986,Retail
GPS-JWN,2011-07-25,2011-07-26,1,-5.1336024177996995,0.00018025252071516293,Retail
GPS-JWN,2011-07-27,2011-07-28,1,-5.2176805930769765,0.006041222953312518,Retail
GPS-JWN,2011-07-29,2011-08-01,1,-5.1221469426291435,-0.0035622708109514503,Retail
GPS-JWN,2011-08-02,2011-08-03,1,-4.660420508996458,0.0023209298980605454,Retail
GPS-JWN,2011-08-04,2011-08-05,1,-5.635056802525874,-0.009469375421591876,Retail
GPS-JWN,2011-08-08,2011-08-09,1,-6.317682769985794,-0.00045183936702842067,Retail
GPS-JWN,2011-08-10,2011-08-11,1,-6.57004723915225,-0.006749693764601399,Retail
GPS-JWN,2011-08-12,2011-08-15,1,-6.799127371473709,0.006048683612466504,Retail
GPS-JWN,2011-08-16,2011-08-17,1,-6.346597250331161,0.012734876356403758,Retail
AVY-PPG,2011-06-08,2011-07-20,29,-2.2420144778708373,-0.03719055692082506,Materials
AVY-PPG,2011-07-21,2011-07-22,1,-6.949755097602417,0.005688528144670506,Materials
AVY-PPG,2011-07-25,2011-07-26,1,-6.732917493071984,0.0015851870084579792,Materials
AVY-PPG,2011-07-27,2011-07-28,1,-7.572295438882057,-0.00517406185575274,Materials
AVY-PPG,2011-07-29,2011-08-01,1,-7.486228683696091,0.0011149433007650077,Materials
AVY-PPG,2011-08-02,2011-08-03,1,-8.374933340704128,-0.005909021005041738,Materials
AVY-PPG,2011-08-04,2011-08-05,1,-8.565862202974193,0.003216887103966541,Materials
AVY-PPG,2011-08-08,2011-08-09,1,-10.548739064903137,-0.011981218791810515,Materials
AVY-PPG,2011-08-10,2011-08-11,1,-10.92183870705253,0.0002895301630916012,Materials
AVY-PPG,2011-08-12,2011-08-15,1,-9.791523143390805,0.004876360889174149,Materials
AVY-PPG,2011-08-16,2011-08-17,1,-10.026281838865147,-0.00019504713542568212,Materials
ABC-UNH,2011-09-16,2011-10-05,13,-2.1739759985645417,0.015741910947910307,Healthcare Services
NUE-VMC,2011-10-03,2011-11-07,25,3.323534224745421,-0.022421638321856154,Materials
NUE-VMC,2011-11-08,2011-11-09,1,4.174194807451935,9.70166994879681e-05,Materials
NUE-VMC,2011-11-10,2011-11-11,1,4.667293943096818,-0.0036171793329854447,Materials
NUE-VMC,2011-11-14,2011-11-15,1,4.563810935329167,0.004049483762944268,Materials
COST-JWN,2012-05-04,2012-05-14,6,-2.7495431632724405,0.02567248425075356,Retail
COST-JWN,2012-06-08,2012-06-29,15,2.4364174705655257,-0.013249213701426812,Retail
ADBE-ADSK,2012-05-21,2012-07-11,35,3.476652952738998,0.010078383853246073,Tech - Software
GIS-MO,2012-11-30,2013-01-30,40,2.754034916750999,-0.00988959504322564,Staples - Food & Beverage
GIS-MO,2013-01-31,2013-02-01,1,4.142241680142225,-0.002179151106129305,Staples - Food & Beverage
GIS-MO,2013-02-04,2013-02-06,2,3.963809460438318,-0.0010163553086904543,Staples - Food & Beverage
GIS-MO,2013-02-07,2013-02-08,1,4.7757546982440635,-0.0015831141567403356,Staples - Food & Beverage
GIS-MO,2013-02-11,2013-02-12,1,4.994572361766342,-0.000575659840456923,Staples - Food & Beverage
GIS-MO,2013-02-13,2013-02-14,1,5.312669199009634,-0.0018433829508325086,Staples - Food & Beverage
GIS-MO,2013-02-15,2013-02-19,1,6.886955511140341,-0.0010705499848542863,Staples - Food & Beverage
GLW-IBM,2013-03-14,2013-04-22,26,-3.1520215708808985,0.0785176343075218,Tech - Hardware
KO-MO,2013-03-22,2013-04-17,17,2.7644446740760364,-0.009480577299620083,Staples - Food & Beverage
KO-MO,2013-04-18,2013-04-19,1,4.8775755083370305,-0.00012938473658719572,Staples - Food & Beverage
KO-MO,2013-04-22,2013-04-23,1,5.211299457430954,-0.0010327802074311843,Staples - Food & Beverage
KO-MO,2013-04-24,2013-04-25,1,4.2924073946167836,0.0026874090873738776,Staples - Food & Beverage
KO-MO,2013-04-26,2013-05-08,8,3.8282918387157823,-0.00032384966892877703,Staples - Food & Beverage
KO-MO,2013-05-09,2013-05-17,6,3.647041980500707,-0.0017664018144756756,Staples - Food & Beverage
TGT-WMT,2013-03-05,2013-03-21,12,2.971105236333945,-0.007021133937205142,Retail
TGT-WMT,2013-03-22,2013-03-28,4,3.813598971144781,-0.0016209190631022133,Retail
TGT-WMT,2013-04-01,2013-04-26,19,3.6545080435218735,-0.0031498606256239368,Retail
TGT-WMT,2013-04-29,2013-04-30,1,4.119080563736877,-0.0014680414444411677,Retail
TGT-WMT,2013-05-01,2013-05-02,1,4.143946092553976,0.0028110097901563194,Retail
TGT-WMT,2013-05-03,2013-05-20,11,3.812520242482721,-0.007118687098326683,Retail
KO-MO,2013-07-17,2013-07-24,5,-1.9875367723713013,0.012307068096094904,Staples - Food & Beverage
FCX-PPG,2013-09-17,2013-10-18,23,2.7923010137537116,-0.028035811319772008,Materials
FCX-PPG,2013-10-21,2013-10-22,1,4.2850274461217746,-0.012842896441149174,Materials
FCX-PPG,2013-10-23,2013-10-24,1,5.035233290683462,-0.0033096616905168783,Materials
FCX-PPG,2013-10-25,2013-10-28,1,5.560691959577646,-0.004805398249819837,Materials
FCX-PPG,2013-10-29,2013-10-30,1,5.8674056786169,-0.006195964367523328,Materials
FCX-PPG,2013-10-31,2013-11-01,1,5.3757052628610955,0.0006229744160054708,Materials
FCX-PPG,2013-11-04,2013-11-05,1,5.639319480333761,-0.002584226079346632,Materials
FCX-PPG,2013-11-06,2013-11-07,1,5.513624654786761,-0.00016294162173285,Materials
FCX-PPG,2013-11-08,2013-11-11,1,5.2427144031299155,-0.007819748384232232,Materials
FCX-PPG,2013-11-12,2013-11-13,1,5.031219345044273,0.007379383757725134,Materials
FCX-PPG,2013-11-14,2013-11-15,1,5.3893652442459565,-0.0030282527086663603,Materials
OXY-XOM,2013-09-26,2013-10-10,10,2.686473633673261,-0.025259475765607737,Energy
OXY-XOM,2013-10-11,2013-11-05,17,3.05419071117416,0.053630905420988036,Energy
CPB-K,2013-11-20,2013-12-09,12,-2.858792561963089,0.016931735086659967,Staples - Food & Beverage
CPB-K,2014-01-31,2014-02-12,8,2.8626448213229647,0.013551061860178945,Staples - Food & Beverage
FCX-VMC,2014-01-29,2014-02-07,7,-3.3428821376527225,-0.04397374630445039,Materials
FCX-VMC,2014-02-10,2014-02-11,1,-4.404659336832843,0.0010021635603420524,Materials
FCX-VMC,2014-02-12,2014-02-13,1,-4.252439862389763,-0.000429218971212474,Materials
FCX-VMC,2014-02-14,2014-02-18,1,-4.195735327818849,5.08283784380688e-05,Materials
APA-OXY,2014-02-27,2014-03-06,5,-3.392429560087088,-0.006963176225252795,Energy
APA-OXY,2014-03-07,2014-03-10,1,-4.028300443686978,-0.00045854011387035977,Energy
APA-OXY,2014-03-11,2014-03-13,2,-3.9742092508396745,-0.002670088246142969,Energy
APA-OXY,2014-03-14,2014-03-17,1,-4.141367352624355,-0.002480638948720544,Energy
APA-OXY,2014-03-18,2014-03-19,1,-4.078174290211077,0.001666824054740366,Energy
APA-OXY,2014-03-20,2014-05-02,30,-2.5223666201665718,0.02282597994498161,Energy
COST-HD,2014-03-07,2014-04-09,23,-2.870613776756996,0.024534825325203943,Retail
HD-TJX,2014-07-02,2014-08-20,34,2.749088512471265,-0.015980043086946057,Retail
KO-PEP,2014-07-24,2014-08-08,11,-3.168227877137318,-0.006077440290362682,Staples - Food & Beverage
KO-PEP,2014-08-11,2014-08-12,1,-4.872704930310653,-0.0012047614129132493,Staples - Food & Beverage
KO-PEP,2014-08-13,2014-08-14,1,-4.374619115846526,0.0002739068206199047,Staples - Food & Beverage
AVY-NEM,2014-10-02,2014-10-14,8,-2.524189148410936,-0.015808758069244047,Materials
AVY-NEM,2014-10-15,2014-11-03,13,-3.7384458659358883,-0.002050607628057732,Materials
AVY-NEM,2014-11-04,2014-11-05,1,-4.535212805290175,-0.007875665780625698,Materials
AVY-NEM,2014-11-06,2014-11-07,1,-4.596204315629923,0.006795030349429542,Materials
AVY-NEM,2014-11-10,2014-11-11,1,-4.449130116989448,-0.007805432381295017,Materials
AVY-NEM,2014-11-12,2014-11-13,1,-4.111065581040247,-0.0009770992526666501,Materials
AMD-INTC,2014-10-01,2014-10-10,7,-3.21173192507986,-0.03008070257418684,Tech - Semiconductors
AMD-INTC,2014-10-13,2014-10-14,1,-5.8524226430500015,-0.016588318649275974,Tech - Semiconductors
AMD-INTC,2014-10-15,2014-10-16,1,-6.543532222700364,-0.007120923806687178,Tech - Semiconductors
AMD-INTC,2014-10-17,2014-10-20,1,-5.9483905590888915,0.010025878348002476,Tech - Semiconductors
AMD-INTC,2014-10-21,2014-10-22,1,-5.843386584892317,0.0055279148211422584,Tech - Semiconductors
AMD-INTC,2014-10-23,2014-10-24,1,-6.287268930198103,-0.0014893104570727084,Tech - Semiconductors
AMD-INTC,2014-10-27,2014-10-28,1,-6.518907777790333,0.00012651327353271685,Tech - Semiconductors
AMD-INTC,2014-10-29,2014-10-30,1,-6.012053627683051,0.003506896031146855,Tech - Semiconductors
AMD-INTC,2014-10-31,2014-11-03,1,-5.864243763548134,0.0011319438540732488,Tech - Semiconductors
AMD-INTC,2014-11-04,2014-11-05,1,-5.772724382571116,-0.0048212102591941065,Tech - Semiconductors
AMD-INTC,2014-11-06,2014-11-07,1,-6.080745078181888,-0.0017978009883323452,Tech - Semiconductors
AMD-INTC,2014-11-10,2014-11-11,1,-6.009307390944795,-0.0003388876323614754,Tech - Semiconductors
AMD-INTC,2014-11-12,2014-11-13,1,-6.294773523418272,-0.0025938573284683716,Tech - Semiconductors
AMD-INTC,2014-11-14,2014-11-17,1,-6.922798144383551,-0.006221400847807721,Tech - Semiconductors
GPS-TGT,2014-08-25,2014-10-10,33,3.1052205897582494,0.04848309391437764,Retail
INTC-MU,2015-01-16,2015-02-13,19,3.048312021780596,0.03921236050431962,Tech - Semiconductors
CPB-K,2015-02-05,2015-02-13,6,2.9759729923737104,-0.002442390200891928,Staples - Food & Beverage
DE-EMR,2014-12-12,2014-12-15,1,4.152565717750775,-0.007115352247196485,Machinery
DE-EMR,2014-12-16,2014-12-17,1,4.078084852245744,0.002825678820841322,Machinery
DE-EMR,2014-12-18,2015-01-23,23,2.697335602695237,-0.0059586804724141105,Machinery
DE-EMR,2015-01-26,2015-01-27,1,4.352130461760476,0.001757616278751534,Machinery
DE-EMR,2015-01-28,2015-01-29,1,5.353645660280542,-0.0022134732812648427,Machinery
DE-EMR,2015-01-30,2015-02-02,1,5.03480694049401,0.001857822888519016,Machinery
DE-EMR,2015-02-03,2015-02-04,1,4.417739245803567,0.002864094231614593,Machinery
DE-EMR,2015-02-05,2015-02-06,1,6.298906539389421,-0.0018176506222559279,Machinery
DE-EMR,2015-02-09,2015-02-10,1,6.086204743963446,0.0025238200533418574,Machinery
DE-EMR,2015-02-11,2015-02-12,1,5.430258091859466,-0.003593969614702845,Machinery
DE-EMR,2015-02-13,2015-02-17,1,5.121832735451439,-0.0027372048163932386,Machinery
DE-EMR,2015-02-18,2015-02-19,1,5.932143231211969,0.0005045680776036506,Machinery
CMCSA-T,2015-06-05,2015-07-27,35,1.7331218093063987,-0.003162279526077917,Media & Telecom
KO-PEP,2015-08-25,2015-10-01,26,-3.6341156201184264,0.011071881963560636,Staples - Food & Beverage
COST-LOW,2015-08-25,2015-08-28,3,-2.35671811892615,0.007256887427429837,Retail
STT-USB,2015-09-25,2015-10-26,21,-2.762451844240341,-0.011250066337795328,Banks
CMCSA-T,2015-12-22,2016-01-14,15,-2.8084718992691915,-0.01613526010695778,Media & Telecom
CMCSA-T,2016-01-15,2016-01-19,1,-4.334041795481395,0.0005619448954699629,Media & Telecom
CMCSA-T,2016-01-20,2016-01-21,1,-4.369824156621505,-0.000589784359637369,Media & Telecom
CMCSA-T,2016-01-22,2016-01-25,1,-4.988216309373434,-0.005750744534403987,Media & Telecom
CMCSA-T,2016-01-26,2016-01-27,1,-5.564731371441183,0.0039033665515176104,Media & Telecom
CMCSA-T,2016-01-28,2016-01-29,1,-6.110417665201191,0.0013231522556175267,Media & Telecom
CMCSA-T,2016-02-01,2016-02-02,1,-5.987387321865409,-0.0022613641304066955,Media & Telecom
CMCSA-T,2016-02-03,2016-02-04,1,-5.579024522288874,-0.00018167996558362382,Media & Telecom
CMCSA-T,2016-02-05,2016-02-08,1,-4.984609013760573,0.0034698324572408484,Media & Telecom
CMCSA-T,2016-02-09,2016-02-10,1,-5.310317271029073,-0.001234879592393761,Media & Telecom
CMCSA-T,2016-02-11,2016-02-12,1,-5.900567980663679,0.005490054757508595,Media & Telecom
CMCSA-T,2016-02-16,2016-02-17,1,-5.6789819283552,-0.001539143820899448,Media & Telecom
CMCSA-T,2016-02-18,2016-02-19,1,-6.156657269460153,-0.005233804221484754,Media & Telecom
HAL-SLB,2016-01-27,2016-02-12,12,-3.4842995946064312,-0.013447940328816157,Energy
HAL-SLB,2016-02-16,2016-02-17,1,-5.504296174123255,0.00020193973486677056,Energy
HAL-SLB,2016-02-18,2016-02-19,1,-4.434966539819379,0.0019305237759973462,Energy
COST-LOW,2016-04-19,2016-05-19,22,-2.02761551602857,-0.026096896267102813,Retail
AIG-LNC,2016-06-28,2016-07-01,3,-2.369708182210838,0.010432686549737417,Insurance
CVS-HUM,2016-11-09,2016-11-10,1,-4.287996846373584,-0.01738501456085035,Healthcare Services
CVS-HUM,2016-11-11,2016-11-14,1,-5.3769648439496605,-0.0070271016557582056,Healthcare Services
CVS-HUM,2016-11-15,2016-11-16,1,-6.028928231053722,-0.0006345856216326082,Healthcare Services
BAX-JNJ,2016-10-21,2016-11-10,14,2.960111252234743,0.020416114494818158,Pharma & Med Device
AFL-MMC,2016-12-05,2017-01-27,36,-3.1945063233490885,0.004600149232546539,Insurance
AFL-MMC,2017-02-02,2017-02-03,1,-4.6213466007619255,-0.002050470395005512,Insurance
AFL-MMC,2017-02-06,2017-02-07,1,-4.128409504269366,0.0025266060312481996,Insurance
AFL-MMC,2017-02-08,2017-02-13,3,-3.998181535557816,-0.002827876202793577,Insurance
AFL-MMC,2017-02-14,2017-02-16,2,-3.8319594047361867,-0.004530690430240696,Insurance
AFL-MMC,2017-02-17,2017-02-21,1,-4.84365664569988,-0.0014479041038156337,Insurance
AVY-FCX,2017-03-02,2017-05-09,47,2.4987798572684863,-0.005139594112663391,Materials
ETR-SO,2017-06-30,2017-07-18,11,3.618104975473952,-0.0068898265259606985,Utilities
ETR-SO,2017-07-19,2017-07-20,1,4.164981438379001,-0.0001909169129629315,Utilities
ETR-SO,2017-07-21,2017-07-25,2,3.8313565718988905,0.0006063661224909689,Utilities
ETR-SO,2017-07-26,2017-08-03,6,3.7639018934360844,0.02042107224269514,Utilities
GPS-TJX,2017-06-21,2017-08-21,42,-2.9041492666814945,0.024989688251751234,Retail
GIS-HSY,2017-09-22,2017-11-10,35,-2.922630236465696,0.0012370242075710625,Staples - Food & Beverage
GPS-TJX,2017-09-14,2017-11-06,37,2.578147873239562,0.01089186580482482,Retail
LLY-PFE,2017-09-13,2017-11-02,36,-2.5893113683536058,0.0009175908701358876,Pharma & Med Device
