date,instrument,delta_pos,target_delta,cost_bps_eff,fill_frac,n_legs,sector
1998-11-19,BK-JPM,-1.0,-1.0,5.000113145830453,1.0,2,Banks
1998-12-24,BK-JPM,1.0,1.0,5.000112489732157,1.0,2,Banks
1998-12-28,BK-JPM,-1.0,-1.0,5.0001109352548605,1.0,2,Banks
1998-12-29,BK-JPM,1.0,1.0,5.0001112325420145,1.0,2,Banks
1998-12-30,BK-JPM,-1.0,-1.0,5.000111974353786,1.0,2,Banks
1998-12-31,BK-JPM,1.0,1.0,5.000111741994432,1.0,2,Banks
1999-01-04,BK-JPM,-1.0,-1.0,5.000109449821364,1.0,2,Banks
1999-01-05,BK-JPM,1.0,1.0,5.000109078504273,1.0,2,Banks
1999-01-06,BK-JPM,-1.0,-1.0,5.000103890489749,1.0,2,Banks
1999-01-07,BK-JPM,1.0,1.0,5.000101481577785,1.0,2,Banks
1999-01-08,BK-JPM,-1.0,-1.0,5.000099907047119,1.0,2,Banks
1998-12-22,FCX-NUE,1.0,1.0,5.000316042642144,1.0,2,Materials
1999-02-01,FCX-NUE,-1.0,-1.0,5.000327140670527,1.0,2,Materials
1999-02-02,FCX-NUE,1.0,1.0,5.000330747010708,1.0,2,Materials
1999-02-03,FCX-NUE,-1.0,-1.0,5.000334436317549,1.0,2,Materials
1999-02-04,FCX-NUE,1.0,1.0,5.000323793396499,1.0,2,Materials
1998-12-02,APC-OXY,1.0,1.0,5.000247761722594,1.0,2,Energy
1999-02-08,APC-OXY,-1.0,-1.0,5.0002161750379495,1.0,2,Energy
1998-12-29,LMT-RTN,1.0,1.0,5.000127117809387,1.0,2,Aerospace & Defense
1999-01-07,LMT-RTN,-1.0,-1.0,5.000121847608788,1.0,2,Aerospace & Defense
1999-01-08,LMT-RTN,1.0,1.0,5.0001188646117205,1.0,2,Aerospace & Defense
1999-01-11,LMT-RTN,-1.0,-1.0,5.0001172793586335,1.0,2,Aerospace & Defense
1999-01-12,LMT-RTN,1.0,1.0,5.000116098418331,1.0,2,Aerospace & Defense
1999-01-13,LMT-RTN,-1.0,-1.0,5.000116608326287,1.0,2,Aerospace & Defense
1999-01-14,LMT-RTN,1.0,1.0,5.000116877659089,1.0,2,Aerospace & Defense
1999-01-15,LMT-RTN,-1.0,-1.0,5.000116972011932,1.0,2,Aerospace & Defense
1999-01-19,LMT-RTN,1.0,1.0,5.0001167279031975,1.0,2,Aerospace & Defense
1999-01-20,LMT-RTN,-1.0,-1.0,5.000116095774194,1.0,2,Aerospace & Defense
1999-01-21,LMT-RTN,1.0,1.0,5.0001116859188315,1.0,2,Aerospace & Defense
1999-01-22,LMT-RTN,-1.0,-1.0,5.000112259187457,1.0,2,Aerospace & Defense
1999-01-25,LMT-RTN,1.0,1.0,5.000114685832434,1.0,2,Aerospace & Defense
1999-01-26,LMT-RTN,-1.0,-1.0,5.000110502293747,1.0,2,Aerospace & Defense
1999-01-27,LMT-RTN,1.0,1.0,5.000108719120425,1.0,2,Aerospace & Defense
1999-01-28,LMT-RTN,-1.0,-1.0,5.000106371128831,1.0,2,Aerospace & Defense
1999-01-29,LMT-RTN,1.0,1.0,5.000105097980799,1.0,2,Aerospace & Defense
1999-02-01,LMT-RTN,-1.0,-1.0,5.000103009718533,1.0,2,Aerospace & Defense
1999-02-02,LMT-RTN,1.0,1.0,5.000103268812323,1.0,2,Aerospace & Defense
1999-02-03,LMT-RTN,-1.0,-1.0,5.000104853554676,1.0,2,Aerospace & Defense
1999-02-04,LMT-RTN,1.0,1.0,5.000104455017166,1.0,2,Aerospace & Defense
1999-02-05,LMT-RTN,-1.0,-1.0,5.000103299168888,1.0,2,Aerospace & Defense
1999-02-08,LMT-RTN,1.0,1.0,5.00010459183576,1.0,2,Aerospace & Defense
1999-02-09,LMT-RTN,-1.0,-1.0,5.000105270552755,1.0,2,Aerospace & Defense
1999-02-10,LMT-RTN,1.0,1.0,5.00010596847158,1.0,2,Aerospace & Defense
1999-04-05,JPM-STT,1.0,1.0,5.0001350942660014,1.0,2,Banks
1999-04-28,JPM-STT,-1.0,-1.0,5.000118071701929,1.0,2,Banks
1999-04-29,JPM-STT,1.0,1.0,5.000116774181029,1.0,2,Banks
1999-04-30,JPM-STT,-1.0,-1.0,5.000111766915689,1.0,2,Banks
1999-05-03,JPM-STT,1.0,1.0,5.00011013793282,1.0,2,Banks
1999-04-19,APC-XOM,-1.0,-1.0,5.000141050130865,1.0,2,Energy
1999-04-30,APC-XOM,1.0,1.0,5.0001284503093935,1.0,2,Energy
1999-05-03,APC-XOM,-1.0,-1.0,5.000124761209231,1.0,2,Energy
1999-05-04,APC-XOM,1.0,1.0,5.000119478307398,1.0,2,Energy
1999-05-05,APC-XOM,-1.0,-1.0,5.000118081662085,1.0,2,Energy
1999-05-06,APC-XOM,1.0,1.0,5.0001174544058795,1.0,2,Energy
1999-05-07,APC-XOM,-1.0,-1.0,5.000116485853509,1.0,2,Energy
1999-02-25,DUK-PEG,1.0,1.0,5.000198579218281,1.0,2,Utilities
1999-03-31,DUK-PEG,-1.0,-1.0,5.000198655323375,1.0,2,Utilities
1999-04-01,DUK-PEG,1.0,1.0,5.0001979350823405,1.0,2,Utilities
1999-04-05,DUK-PEG,-1.0,-1.0,5.000197836536725,1.0,2,Utilities
1999-04-06,DUK-PEG,1.0,1.0,5.000196806554445,1.0,2,Utilities
1999-04-07,DUK-PEG,-1.0,-1.0,5.000195503451161,1.0,2,Utilities
1999-04-08,DUK-PEG,1.0,1.0,5.00019466140512,1.0,2,Utilities
1999-04-09,DUK-PEG,-1.0,-1.0,5.000198241965807,1.0,2,Utilities
1999-04-12,DUK-PEG,1.0,1.0,5.000199472044132,1.0,2,Utilities
1999-04-13,DUK-PEG,-1.0,-1.0,5.0001970508142906,1.0,2,Utilities
1999-04-14,DUK-PEG,1.0,1.0,5.000190924355182,1.0,2,Utilities
1999-04-15,DUK-PEG,-1.0,-1.0,5.000188260122913,1.0,2,Utilities
1999-04-16,DUK-PEG,1.0,1.0,5.000186204577987,1.0,2,Utilities
1999-04-19,DUK-PEG,-1.0,-1.0,5.000182640914575,1.0,2,Utilities
1999-04-20,DUK-PEG,1.0,1.0,5.000178291721855,1.0,2,Utilities
1999-04-21,DUK-PEG,-1.0,-1.0,5.000177633849879,1.0,2,Utilities
1999-04-22,DUK-PEG,1.0,1.0,5.000178601586124,1.0,2,Utilities
1999-04-23,DUK-PEG,-1.0,-1.0,5.000181990454308,1.0,2,Utilities
1999-04-26,DUK-PEG,1.0,1.0,5.000183256908345,1.0,2,Utilities
1999-04-27,DUK-PEG,-1.0,-1.0,5.000186046580652,1.0,2,Utilities
1999-04-28,DUK-PEG,1.0,1.0,5.000188656386987,1.0,2,Utilities
1999-04-29,DUK-PEG,-1.0,-1.0,5.000189672942023,1.0,2,Utilities
1999-04-30,DUK-PEG,1.0,1.0,5.000189480268032,1.0,2,Utilities
1999-05-03,DUK-PEG,-1.0,-1.0,5.000189682900429,1.0,2,Utilities
1999-05-04,DUK-PEG,1.0,1.0,5.000188744364111,1.0,2,Utilities
1999-05-05,DUK-PEG,-1.0,-1.0,5.000189652077529,1.0,2,Utilities
1999-05-06,DUK-PEG,1.0,1.0,5.000185020275245,1.0,2,Utilities
1999-05-07,DUK-PEG,-1.0,-1.0,5.000183611574095,1.0,2,Utilities
1999-05-10,DUK-PEG,1.0,1.0,5.000181595174373,1.0,2,Utilities
1999-05-11,DUK-PEG,-1.0,-1.0,5.0001814363983454,1.0,2,Utilities
1999-05-12,DUK-PEG,1.0,1.0,5.0001856948671835,1.0,2,Utilities
1999-06-29,LLY-MRK,1.0,1.0,5.000054523993342,1.0,2,Pharma & Med Device
1999-07-19,LLY-MRK,-1.0,-1.0,5.0000521732250975,1.0,2,Pharma & Med Device
1999-07-06,CSX-NSC,-1.0,-1.0,5.000181326252001,1.0,2,Railroads
1999-08-17,ETR-PEG,1.0,1.0,5.0,1.0,2,Utilities
1999-09-15,ETR-PEG,-1.0,-1.0,5.000195353122752,1.0,2,Utilities
1999-10-11,BAC-PNC,1.0,1.0,5.000150495708217,1.0,2,Banks
1999-09-08,GIS-KO,-1.0,-1.0,5.000155079525085,1.0,2,Staples - Food & Beverage
1999-09-30,GIS-KO,1.0,1.0,5.000149688415158,1.0,2,Staples - Food & Beverage
1999-10-01,GIS-KO,-1.0,-1.0,5.000149914877625,1.0,2,Staples - Food & Beverage
1999-10-04,GIS-KO,1.0,1.0,5.000149827504219,1.0,2,Staples - Food & Beverage
1999-10-05,GIS-KO,-1.0,-1.0,5.000149924248561,1.0,2,Staples - Food & Beverage
1999-10-06,GIS-KO,1.0,1.0,5.000149432144191,1.0,2,Staples - Food & Beverage
1999-10-07,GIS-KO,-1.0,-1.0,5.0001473894424695,1.0,2,Staples - Food & Beverage
1999-10-14,GIS-KO,1.0,1.0,5.0001469585718565,1.0,2,Staples - Food & Beverage
1999-10-15,GIS-KO,-1.0,-1.0,5.000145625258601,1.0,2,Staples - Food & Beverage
1999-10-18,GIS-KO,1.0,1.0,5.0001433957648445,1.0,2,Staples - Food & Beverage
1999-10-19,GIS-KO,-1.0,-1.0,5.0001415025296065,1.0,2,Staples - Food & Beverage
2000-01-10,BAX-MDT,-1.0,-1.0,5.000099678400586,1.0,2,Pharma & Med Device
2000-02-07,BAX-MDT,1.0,1.0,5.000085308142,1.0,2,Pharma & Med Device
2000-02-08,BAX-MDT,-1.0,-1.0,5.000084966925382,1.0,2,Pharma & Med Device
2000-02-09,BAX-MDT,1.0,1.0,5.0000840770015715,1.0,2,Pharma & Med Device
1999-12-17,C-WFC,-1.0,-1.0,5.000057785390541,1.0,2,Banks
2000-01-20,C-WFC,1.0,1.0,5.000060872692183,1.0,2,Banks
2000-01-21,C-WFC,-1.0,-1.0,5.000059564282561,1.0,2,Banks
2000-01-24,C-WFC,1.0,1.0,5.000059060142271,1.0,2,Banks
2000-01-25,C-WFC,-1.0,-1.0,5.000058246819682,1.0,2,Banks
2000-01-27,C-WFC,1.0,1.0,5.000056046625502,1.0,2,Banks
2000-01-28,C-WFC,-1.0,-1.0,5.000055312742411,1.0,2,Banks
1999-12-17,ABC-CVS,-1.0,-1.0,5.0003459663996805,1.0,2,Healthcare Services
1999-12-31,ABC-CVS,1.0,1.0,5.00036129694863,1.0,2,Healthcare Services
2000-01-14,ABC-CVS,-1.0,-1.0,5.000285748499902,1.0,2,Healthcare Services
2000-02-09,ABC-CVS,1.0,1.0,5.000279765864724,1.0,2,Healthcare Services
1999-12-13,HD-JWN,-1.0,-1.0,5.000166325342786,1.0,2,Retail
1999-12-28,HD-JWN,1.0,1.0,5.0002073005094845,1.0,2,Retail
1999-12-29,HD-JWN,-1.0,-1.0,5.000213289887551,1.0,2,Retail
1999-12-30,HD-JWN,1.0,1.0,5.000214987792998,1.0,2,Retail
1999-12-31,HD-JWN,-1.0,-1.0,5.000217999566339,1.0,2,Retail
2000-01-03,HD-JWN,1.0,1.0,5.000220323730581,1.0,2,Retail
2000-01-04,HD-JWN,-1.0,-1.0,5.000225703369834,1.0,2,Retail
2000-03-23,JNJ-MDT,-1.0,-1.0,5.00005408642253,1.0,2,Pharma & Med Device
2000-03-31,JNJ-MDT,1.0,1.0,5.000050671680223,1.0,2,Pharma & Med Device
2000-04-25,JNJ-MDT,-1.0,-1.0,5.000052322902298,1.0,2,Pharma & Med Device
2000-02-24,AFL-AIG,1.0,1.0,5.0001339691572255,1.0,2,Insurance
2000-03-17,AFL-AIG,-1.0,-1.0,5.000124370882296,1.0,2,Insurance
2000-04-04,AFL-AIG,-1.0,-1.0,5.000118712596074,1.0,2,Insurance
2000-04-18,AFL-AIG,1.0,1.0,5.000130073349245,1.0,2,Insurance
2000-05-01,AVY-NUE,-1.0,-1.0,5.0001544824205855,1.0,2,Materials
2000-07-21,AXP-COF,-1.0,-1.0,5.000111314547528,1.0,2,Capital Markets & Cards
2000-10-12,AXP-COF,1.0,1.0,5.000075674397351,1.0,2,Capital Markets & Cards
2000-11-01,AXP-COF,-1.0,-1.0,5.000069246381614,1.0,2,Capital Markets & Cards
2000-09-19,CL-CLX,1.0,1.0,5.000128776974414,1.0,2,Staples - Household
2000-10-25,CL-CLX,-1.0,-1.0,5.000123177610187,1.0,2,Staples - Household
2000-10-23,JNJ-MRK,1.0,1.0,5.0000433200937815,1.0,2,Pharma & Med Device
2000-10-30,JNJ-MRK,-1.0,-1.0,5.00004295479736,1.0,2,Pharma & Med Device
2000-10-31,JNJ-MRK,1.0,1.0,5.000042548120633,1.0,2,Pharma & Med Device
2000-11-01,JNJ-MRK,-1.0,-1.0,5.000042144018394,1.0,2,Pharma & Med Device
2000-11-02,JNJ-MRK,1.0,1.0,5.000041750926652,1.0,2,Pharma & Med Device
2000-11-03,JNJ-MRK,-1.0,-1.0,5.000041585824223,1.0,2,Pharma & Med Device
2000-11-06,JNJ-MRK,1.0,1.0,5.000041163810345,1.0,2,Pharma & Med Device
2000-11-07,JNJ-MRK,-1.0,-1.0,5.000041356292035,1.0,2,Pharma & Med Device
2000-11-20,BAC-JPM,1.0,1.0,5.000045249356526,1.0,2,Banks
2000-12-26,BAC-JPM,-1.0,-1.0,5.000043697059546,1.0,2,Banks
2000-11-28,BDX-BMY,-1.0,-1.0,5.000145107117893,1.0,2,Pharma & Med Device
2001-01-22,BDX-BMY,1.0,1.0,5.000150451529555,1.0,2,Pharma & Med Device
2001-01-23,BDX-BMY,-1.0,-1.0,5.000150366710263,1.0,2,Pharma & Med Device
2000-11-14,HPQ-XRX,1.0,1.0,5.000108596201983,1.0,2,Tech - Hardware
2001-01-09,HPQ-XRX,-1.0,-1.0,5.000105082405167,1.0,2,Tech - Hardware
2001-01-10,HPQ-XRX,1.0,1.0,5.000103271608279,1.0,2,Tech - Hardware
2000-12-06,MAS-PPG,-1.0,-1.0,5.000156867543537,1.0,2,Materials
2000-12-15,MAS-PPG,1.0,1.0,5.000141227252912,1.0,2,Materials
2000-12-26,MAS-PPG,-1.0,-1.0,5.000142850142941,1.0,2,Materials
2001-03-29,APA-OXY,1.0,1.0,5.000141209877705,1.0,2,Energy
2001-04-04,APA-OXY,-1.0,-1.0,5.000139271307567,1.0,2,Energy
2001-04-05,APA-OXY,1.0,1.0,5.0001422169696035,1.0,2,Energy
2001-04-24,APA-OXY,-1.0,-1.0,5.000119926407468,1.0,2,Energy
2001-04-25,APA-OXY,1.0,1.0,5.0001162435300905,1.0,2,Energy
2001-04-26,APA-OXY,-1.0,-1.0,5.000113615296461,1.0,2,Energy
2001-04-27,APA-OXY,1.0,1.0,5.000112480573364,1.0,2,Energy
2001-04-30,APA-OXY,-1.0,-1.0,5.000110701682084,1.0,2,Energy
2001-05-01,APA-OXY,1.0,1.0,5.000109025372959,1.0,2,Energy
2001-05-02,APA-OXY,-1.0,-1.0,5.000106901566064,1.0,2,Energy
2001-05-03,APA-OXY,1.0,1.0,5.00010574263543,1.0,2,Energy
2001-05-04,APA-OXY,-1.0,-1.0,5.000105719752382,1.0,2,Energy
2001-05-07,APA-OXY,1.0,1.0,5.000105705037878,1.0,2,Energy
2001-05-08,APA-OXY,-1.0,-1.0,5.000105894678648,1.0,2,Energy
2001-05-09,APA-OXY,1.0,1.0,5.000106891385683,1.0,2,Energy
2001-05-10,APA-OXY,-1.0,-1.0,5.000107144100355,1.0,2,Energy
2001-06-18,ABC-CVS,-1.0,-1.0,5.000110724485383,1.0,2,Healthcare Services
2001-06-28,ABC-CVS,1.0,1.0,5.000112239982927,1.0,2,Healthcare Services
2001-06-29,ABC-CVS,-1.0,-1.0,5.000110246430898,1.0,2,Healthcare Services
2001-07-02,ABC-CVS,1.0,1.0,5.000110138093356,1.0,2,Healthcare Services
2001-07-03,ABC-CVS,-1.0,-1.0,5.000113425274748,1.0,2,Healthcare Services
2001-07-05,ABC-CVS,1.0,1.0,5.000115887392331,1.0,2,Healthcare Services
2001-07-06,ABC-CVS,-1.0,-1.0,5.000115551513953,1.0,2,Healthcare Services
2001-07-09,ABC-CVS,1.0,1.0,5.000113988703204,1.0,2,Healthcare Services
2001-07-10,ABC-CVS,-1.0,-1.0,5.000115105348836,1.0,2,Healthcare Services
2001-07-11,ABC-CVS,1.0,1.0,5.0001155550034415,1.0,2,Healthcare Services
2001-07-12,ABC-CVS,-1.0,-1.0,5.0001158712779965,1.0,2,Healthcare Services
2001-07-13,ABC-CVS,1.0,1.0,5.000114499546032,1.0,2,Healthcare Services
2001-07-16,ABC-CVS,-1.0,-1.0,5.00011572735426,1.0,2,Healthcare Services
2001-07-17,ABC-CVS,1.0,1.0,5.0001159232913,1.0,2,Healthcare Services
2001-07-18,ABC-CVS,-1.0,-1.0,5.00011534068124,1.0,2,Healthcare Services
2001-07-19,ABC-CVS,1.0,1.0,5.000115850096506,1.0,2,Healthcare Services
2001-07-20,ABC-CVS,-1.0,-1.0,5.000117191183223,1.0,2,Healthcare Services
2001-07-23,ABC-CVS,1.0,1.0,5.000118245048837,1.0,2,Healthcare Services
2001-07-24,ABC-CVS,-1.0,-1.0,5.000118823862403,1.0,2,Healthcare Services
2001-07-27,ABC-CVS,1.0,1.0,5.000115904847533,1.0,2,Healthcare Services
2001-07-30,ABC-CVS,-1.0,-1.0,5.0001189572494456,1.0,2,Healthcare Services
2001-07-31,ABC-CVS,1.0,1.0,5.000119242219492,1.0,2,Healthcare Services
2001-08-01,ABC-CVS,-1.0,-1.0,5.000118463069092,1.0,2,Healthcare Services
2001-08-02,ABC-CVS,1.0,1.0,5.000117107785539,1.0,2,Healthcare Services
2001-08-03,ABC-CVS,-1.0,-1.0,5.000117249544218,1.0,2,Healthcare Services
2001-08-06,ABC-CVS,1.0,1.0,5.000118234036949,1.0,2,Healthcare Services
2001-08-07,ABC-CVS,-1.0,-1.0,5.000117737287912,1.0,2,Healthcare Services
2001-08-08,ABC-CVS,1.0,1.0,5.000117860738285,1.0,2,Healthcare Services
2001-08-09,ABC-CVS,-1.0,-1.0,5.000116390549719,1.0,2,Healthcare Services
2001-06-18,JNJ-LLY,-1.0,-1.0,5.0000510852510525,1.0,2,Pharma & Med Device
2001-07-18,JNJ-LLY,1.0,1.0,5.000048588754458,1.0,2,Pharma & Med Device
2001-07-19,JNJ-LLY,-1.0,-1.0,5.000048077667199,1.0,2,Pharma & Med Device
2001-06-29,APA-COP,1.0,1.0,5.000074242043031,1.0,2,Energy
2001-09-18,DOV-ETN,1.0,1.0,5.000186996399832,1.0,2,Machinery
2001-09-21,DOV-ETN,-1.0,-1.0,5.000174186366776,1.0,2,Machinery
2001-09-24,DOV-ETN,1.0,1.0,5.000174425334633,1.0,2,Machinery
2001-09-25,DOV-ETN,-1.0,-1.0,5.000173917998221,1.0,2,Machinery
2001-09-26,DOV-ETN,1.0,1.0,5.000173714682155,1.0,2,Machinery
2001-09-27,DOV-ETN,-1.0,-1.0,5.000173792789127,1.0,2,Machinery
2001-09-28,DOV-ETN,1.0,1.0,5.000164714321161,1.0,2,Machinery
2001-10-01,DOV-ETN,-1.0,-1.0,5.000162354085911,1.0,2,Machinery
2001-10-02,DOV-ETN,1.0,1.0,5.000159719875583,1.0,2,Machinery
2001-10-03,DOV-ETN,-1.0,-1.0,5.000158883498224,1.0,2,Machinery
2001-10-04,DOV-ETN,1.0,1.0,5.000157700079913,1.0,2,Machinery
2001-09-21,CLX-ECL,1.0,1.0,5.000181384324112,1.0,2,Staples - Household
2001-09-24,CLX-ECL,-1.0,-1.0,5.000176512659205,1.0,2,Staples - Household
2001-09-25,CLX-ECL,1.0,1.0,5.000173439986139,1.0,2,Staples - Household
2001-11-12,CLX-ECL,-1.0,-1.0,5.000228171654669,1.0,2,Staples - Household
2001-09-27,AMAT-MU,-1.0,-1.0,5.000046757396098,1.0,2,Tech - Semiconductors
2002-02-05,AIG-CB,1.0,1.0,5.000056039722894,1.0,2,Insurance
2002-03-04,LLY-PKI,-1.0,-1.0,5.000109554731944,1.0,2,Pharma & Med Device
2002-03-05,LLY-PKI,1.0,1.0,5.000105051404743,1.0,2,Pharma & Med Device
2002-03-06,LLY-PKI,-1.0,-1.0,5.000097705604606,1.0,2,Pharma & Med Device
2002-03-12,LLY-PKI,1.0,1.0,5.000099033297798,1.0,2,Pharma & Med Device
2002-03-13,LLY-PKI,-1.0,-1.0,5.000100850287642,1.0,2,Pharma & Med Device
2002-03-14,LLY-PKI,1.0,1.0,5.000102293003678,1.0,2,Pharma & Med Device
2002-03-15,LLY-PKI,-1.0,-1.0,5.0001039915845755,1.0,2,Pharma & Med Device
2002-03-18,LLY-PKI,1.0,1.0,5.000104230569591,1.0,2,Pharma & Med Device
2002-03-19,LLY-PKI,-1.0,-1.0,5.000103559197928,1.0,2,Pharma & Med Device
2002-03-20,LLY-PKI,1.0,1.0,5.00010322282378,1.0,2,Pharma & Med Device
2002-03-21,LLY-PKI,-1.0,-1.0,5.000103393258374,1.0,2,Pharma & Med Device
2002-04-12,LLY-PKI,1.0,1.0,5.0001500890714805,1.0,2,Pharma & Med Device
2002-04-15,LLY-PKI,-1.0,-1.0,5.000151078306608,1.0,2,Pharma & Med Device
2002-04-16,LLY-PKI,1.0,1.0,5.000151141790448,1.0,2,Pharma & Med Device
2002-04-17,LLY-PKI,-1.0,-1.0,5.000152917400152,1.0,2,Pharma & Med Device
2002-04-18,LLY-PKI,1.0,1.0,5.000154758111865,1.0,2,Pharma & Med Device
2002-04-19,LLY-PKI,-1.0,-1.0,5.000154490708121,1.0,2,Pharma & Med Device
2002-04-22,LLY-PKI,1.0,1.0,5.0001547103721595,1.0,2,Pharma & Med Device
2002-04-23,LLY-PKI,-1.0,-1.0,5.0001573525244085,1.0,2,Pharma & Med Device
2002-04-24,LLY-PKI,1.0,1.0,5.00015817439586,1.0,2,Pharma & Med Device
2002-04-25,LLY-PKI,-1.0,-1.0,5.000158202265927,1.0,2,Pharma & Med Device
2002-04-26,LLY-PKI,1.0,1.0,5.0001572769730736,1.0,2,Pharma & Med Device
2002-04-29,LLY-PKI,-1.0,-1.0,5.000156086023286,1.0,2,Pharma & Med Device
2002-03-27,KO-PEP,-1.0,-1.0,5.000052964832468,1.0,2,Staples - Food & Beverage
2002-05-01,KO-PEP,1.0,1.0,5.000052029090177,1.0,2,Staples - Food & Beverage
2002-05-02,KO-PEP,-1.0,-1.0,5.000051788498309,1.0,2,Staples - Food & Beverage
2002-05-03,KO-PEP,1.0,1.0,5.000051597452309,1.0,2,Staples - Food & Beverage
2002-05-06,KO-PEP,-1.0,-1.0,5.000051904713366,1.0,2,Staples - Food & Beverage
2002-05-07,KO-PEP,1.0,1.0,5.000052205851225,1.0,2,Staples - Food & Beverage
2002-05-08,KO-PEP,-1.0,-1.0,5.000052464061499,1.0,2,Staples - Food & Beverage
2002-05-09,KO-PEP,1.0,1.0,5.0000528948136465,1.0,2,Staples - Food & Beverage
2002-05-10,KO-PEP,-1.0,-1.0,5.0000529603347585,1.0,2,Staples - Food & Beverage
2002-05-13,KO-PEP,1.0,1.0,5.000053204774808,1.0,2,Staples - Food & Beverage
2002-05-14,KO-PEP,-1.0,-1.0,5.00005345393216,1.0,2,Staples - Food & Beverage
2002-05-15,KO-PEP,1.0,1.0,5.000053169200228,1.0,2,Staples - Food & Beverage
2002-05-16,KO-PEP,-1.0,-1.0,5.0000532795179105,1.0,2,Staples - Food & Beverage
2002-05-06,ADSK-ORCL,1.0,1.0,5.000096808271383,1.0,2,Tech - Software
2002-05-07,ADSK-ORCL,-1.0,-1.0,5.000095747792579,1.0,2,Tech - Software
2002-05-08,ADSK-ORCL,1.0,1.0,5.000096084681942,1.0,2,Tech - Software
2002-05-13,ADSK-ORCL,-1.0,-1.0,5.000101898919459,1.0,2,Tech - Software
2002-05-14,ADSK-ORCL,1.0,1.0,5.000105366071176,1.0,2,Tech - Software
2002-06-24,LRCX-TXN,-1.0,-1.0,5.000103958368858,1.0,2,Tech - Semiconductors
2002-08-06,LRCX-TXN,1.0,1.0,5.0001168216522816,1.0,2,Tech - Semiconductors
2002-08-07,LRCX-TXN,-1.0,-1.0,5.000117399622805,1.0,2,Tech - Semiconductors
2002-07-22,BAX-BDX,-1.0,-1.0,5.000112751435298,1.0,2,Pharma & Med Device
2002-08-15,BAX-BDX,1.0,1.0,5.00012063592592,1.0,2,Pharma & Med Device
2002-07-17,CPB-GIS,1.0,1.0,5.00015737829877,1.0,2,Staples - Food & Beverage
2002-08-09,CPB-GIS,-1.0,-1.0,5.000137601376679,1.0,2,Staples - Food & Beverage
2002-08-12,CPB-GIS,1.0,1.0,5.000137653379381,1.0,2,Staples - Food & Beverage
2002-08-13,CPB-GIS,-1.0,-1.0,5.0001369675817315,1.0,2,Staples - Food & Beverage
2002-08-14,CPB-GIS,1.0,1.0,5.0001367483260335,1.0,2,Staples - Food & Beverage
2002-08-15,CPB-GIS,-1.0,-1.0,5.000136103219816,1.0,2,Staples - Food & Beverage
2002-07-22,CVX-XOM,1.0,1.0,5.000045055350734,1.0,2,Energy
2002-07-23,CVX-XOM,-1.0,-1.0,5.000044235687354,1.0,2,Energy
2002-07-24,CVX-XOM,1.0,1.0,5.00004315962425,1.0,2,Energy
2002-07-25,CVX-XOM,-1.0,-1.0,5.000043009309861,1.0,2,Energy
2002-07-26,CVX-XOM,1.0,1.0,5.000042947369592,1.0,2,Energy
2002-07-29,CVX-XOM,-1.0,-1.0,5.000042917257058,1.0,2,Energy
2002-07-30,CVX-XOM,1.0,1.0,5.000042383951782,1.0,2,Energy
2002-07-31,CVX-XOM,-1.0,-1.0,5.000041545249562,1.0,2,Energy
2002-08-01,CVX-XOM,1.0,1.0,5.000041162037299,1.0,2,Energy
2002-08-02,CVX-XOM,-1.0,-1.0,5.000040852080126,1.0,2,Energy
2002-08-05,CVX-XOM,1.0,1.0,5.000040769943481,1.0,2,Energy
2002-08-06,CVX-XOM,-1.0,-1.0,5.000040599108345,1.0,2,Energy
2002-08-07,CVX-XOM,1.0,1.0,5.000040981194847,1.0,2,Energy
2002-08-08,CVX-XOM,-1.0,-1.0,5.000041445830739,1.0,2,Energy
2002-08-09,CVX-XOM,1.0,1.0,5.0000418849102415,1.0,2,Energy
2002-09-19,HSY-PEP,1.0,1.0,5.000062896786172,1.0,2,Staples - Food & Beverage
2002-08-19,GPS-TJX,1.0,1.0,5.0,1.0,2,Retail
2002-10-16,GPS-TJX,-1.0,-1.0,5.0000940013215285,1.0,2,Retail
2002-10-17,GPS-TJX,1.0,1.0,5.000093933936093,1.0,2,Retail
2002-10-09,AEP-DUK,1.0,1.0,5.00007064202649,1.0,2,Utilities
2002-10-10,AEP-DUK,-1.0,-1.0,5.0000641488961595,1.0,2,Utilities
2002-10-11,AEP-DUK,1.0,1.0,5.000062138392724,1.0,2,Utilities
2002-10-14,AEP-DUK,-1.0,-1.0,5.0000611414839415,1.0,2,Utilities
2002-10-15,AEP-DUK,1.0,1.0,5.0000610004032255,1.0,2,Utilities
2002-10-16,AEP-DUK,-1.0,-1.0,5.000060929328248,1.0,2,Utilities
2002-10-17,AEP-DUK,1.0,1.0,5.000061018166838,1.0,2,Utilities
2002-10-18,AEP-DUK,-1.0,-1.0,5.000061628441309,1.0,2,Utilities
2002-10-21,AEP-DUK,1.0,1.0,5.00006187040523,1.0,2,Utilities
2002-10-22,AEP-DUK,-1.0,-1.0,5.000061337993095,1.0,2,Utilities
2002-10-23,AEP-DUK,1.0,1.0,5.0000620336249355,1.0,2,Utilities
2002-10-24,AEP-DUK,-1.0,-1.0,5.000064425418481,1.0,2,Utilities
2002-10-25,AEP-DUK,1.0,1.0,5.000065404808977,1.0,2,Utilities
2002-11-05,AEP-DUK,-1.0,-1.0,5.000073533148914,1.0,2,Utilities
2003-03-11,CAG-HSY,1.0,1.0,5.000126906943803,1.0,2,Staples - Food & Beverage
2003-03-31,CAG-HSY,-1.0,-1.0,5.00012973776519,1.0,2,Staples - Food & Beverage
2003-04-01,CAG-HSY,1.0,1.0,5.000130947899898,1.0,2,Staples - Food & Beverage
2003-05-28,ED-PEG,-1.0,-1.0,5.000103754292638,1.0,2,Utilities
2003-07-14,ED-PEG,1.0,1.0,5.000113694555899,1.0,2,Utilities
2003-08-06,COST-HD,1.0,1.0,5.000053222445036,1.0,2,Retail
2003-08-07,COST-HD,-1.0,-1.0,5.000050999388872,1.0,2,Retail
2003-08-08,COST-HD,1.0,1.0,5.0000501550159155,1.0,2,Retail
2003-08-11,COST-HD,-1.0,-1.0,5.00004927616552,1.0,2,Retail
2003-08-12,COST-HD,1.0,1.0,5.000047642157929,1.0,2,Retail
2003-08-13,COST-HD,-1.0,-1.0,5.000046936707808,1.0,2,Retail
2003-08-14,COST-HD,1.0,1.0,5.000046305195028,1.0,2,Retail
2003-06-13,GIS-HSY,-1.0,-1.0,5.000124544189711,1.0,2,Staples - Food & Beverage
2003-08-01,GIS-HSY,1.0,1.0,5.000131468330338,1.0,2,Staples - Food & Beverage
2003-10-15,LNC-MMC,-1.0,-1.0,5.0001425467563685,1.0,2,Insurance
2003-10-31,LNC-MMC,1.0,1.0,5.0001251522935055,1.0,2,Insurance
2003-11-03,LNC-MMC,-1.0,-1.0,5.000123659525943,1.0,2,Insurance
2003-11-04,LNC-MMC,1.0,1.0,5.000122165465402,1.0,2,Insurance
2003-11-05,LNC-MMC,-1.0,-1.0,5.000119959417569,1.0,2,Insurance
2003-11-06,LNC-MMC,1.0,1.0,5.000118852104427,1.0,2,Insurance
2003-11-07,LNC-MMC,-1.0,-1.0,5.000118261044321,1.0,2,Insurance
2003-11-12,LNC-MMC,1.0,1.0,5.000116478834502,1.0,2,Insurance
2003-11-13,LNC-MMC,-1.0,-1.0,5.000116333639232,1.0,2,Insurance
2003-09-05,ADI-AMD,1.0,1.0,5.000062718541617,1.0,2,Tech - Semiconductors
2003-11-04,ADI-AMD,-1.0,-1.0,5.000063136131075,1.0,2,Tech - Semiconductors
2003-11-05,ADI-AMD,1.0,1.0,5.000063260725219,1.0,2,Tech - Semiconductors
2003-11-06,ADI-AMD,-1.0,-1.0,5.0000635811831335,1.0,2,Tech - Semiconductors
2003-11-07,ADI-AMD,1.0,1.0,5.000062816757559,1.0,2,Tech - Semiconductors
2003-11-10,ADI-AMD,-1.0,-1.0,5.000062146323259,1.0,2,Tech - Semiconductors
2003-11-11,ADI-AMD,1.0,1.0,5.000062137234521,1.0,2,Tech - Semiconductors
2003-11-12,ADI-AMD,-1.0,-1.0,5.000062571839061,1.0,2,Tech - Semiconductors
2003-11-13,ADI-AMD,1.0,1.0,5.000061854231339,1.0,2,Tech - Semiconductors
2004-01-20,ABT-BMY,1.0,1.0,5.000053981409791,1.0,2,Pharma & Med Device
2004-02-06,ABT-BMY,-1.0,-1.0,5.00004994844552,1.0,2,Pharma & Med Device
2004-02-09,APA-COP,1.0,1.0,5.000074483094368,1.0,2,Energy
2004-03-26,APA-MRO,-1.0,-1.0,5.000088126713159,1.0,2,Energy
2004-05-11,APA-MRO,1.0,1.0,5.000095175356205,1.0,2,Energy
2004-03-10,CAT-DE,1.0,1.0,5.00007240808908,1.0,2,Machinery
2004-05-04,CAT-DE,-1.0,-1.0,5.000064870105481,1.0,2,Machinery
2004-05-05,CAT-DE,1.0,1.0,5.000066787449588,1.0,2,Machinery
2004-07-08,APC-CVX,-1.0,-1.0,5.000074298817957,1.0,2,Energy
2004-08-05,APC-CVX,1.0,1.0,5.000076753515609,1.0,2,Energy
2004-07-09,HUM-MCK,1.0,1.0,5.000194488362812,1.0,2,Healthcare Services
2004-07-21,HUM-MCK,-1.0,-1.0,5.000164774777115,1.0,2,Healthcare Services
2004-10-15,CAT-DOV,-1.0,-1.0,5.00013345025137,1.0,2,Machinery
2004-10-07,D-SO,-1.0,-1.0,5.000115433121714,1.0,2,Utilities
2004-11-15,D-SO,1.0,1.0,5.000086297198504,1.0,2,Utilities
2004-11-05,ABT-BMY,-1.0,-1.0,5.000062946987474,1.0,2,Pharma & Med Device
2004-09-02,AIG-CB,-1.0,-1.0,5.000113081698267,1.0,2,Insurance
2004-10-01,AIG-CB,1.0,1.0,5.000111352102898,1.0,2,Insurance
2004-11-09,AIG-CB,1.0,1.0,5.000070518964847,1.0,2,Insurance
2004-12-14,GLW-XRX,1.0,1.0,5.000079462698428,1.0,2,Tech - Hardware
2004-12-13,AEP-D,1.0,1.0,5.0001010372497285,1.0,2,Utilities
2005-01-31,AEP-D,-1.0,-1.0,5.000100561006166,1.0,2,Utilities
2005-02-01,AEP-D,1.0,1.0,5.000100802018982,1.0,2,Utilities
2005-02-08,AEP-D,-1.0,-1.0,5.000097855687764,1.0,2,Utilities
2005-02-09,AEP-D,1.0,1.0,5.000097743073429,1.0,2,Utilities
2005-02-10,AEP-D,-1.0,-1.0,5.000098140011592,1.0,2,Utilities
2005-02-11,AEP-D,1.0,1.0,5.00009840423197,1.0,2,Utilities
2005-02-14,AEP-D,-1.0,-1.0,5.000098136922382,1.0,2,Utilities
2005-02-15,AEP-D,1.0,1.0,5.000098964905822,1.0,2,Utilities
2005-02-14,AFL-LNC,1.0,1.0,5.000120958056918,1.0,2,Insurance
2004-12-10,APD-NEM,-1.0,-1.0,5.0001108452100524,1.0,2,Materials
2005-02-08,APD-NEM,1.0,1.0,5.0001046352053935,1.0,2,Materials
2005-02-09,APD-NEM,-1.0,-1.0,5.000104623588658,1.0,2,Materials
2005-02-10,APD-NEM,1.0,1.0,5.000106483449042,1.0,2,Materials
2005-02-11,APD-NEM,-1.0,-1.0,5.0001052599138545,1.0,2,Materials
2005-02-14,APD-NEM,1.0,1.0,5.000105531581958,1.0,2,Materials
2005-02-15,APD-NEM,-1.0,-1.0,5.00010529639497,1.0,2,Materials
2005-04-18,DOV-SWK,1.0,1.0,5.000146261675127,1.0,2,Machinery
2005-05-04,BMY-SYK,-1.0,-1.0,5.000083497766463,1.0,2,Pharma & Med Device
2005-02-24,APD-MAS,-1.0,-1.0,5.000106713558077,1.0,2,Materials
2005-02-25,APD-MAS,1.0,1.0,5.0001022569401865,1.0,2,Materials
2005-02-28,APD-MAS,-1.0,-1.0,5.000100757508613,1.0,2,Materials
2005-03-01,APD-MAS,1.0,1.0,5.000100365021495,1.0,2,Materials
2005-03-02,APD-MAS,-1.0,-1.0,5.00010058491228,1.0,2,Materials
2005-03-03,APD-MAS,1.0,1.0,5.000099425813275,1.0,2,Materials
2005-03-04,APD-MAS,-1.0,-1.0,5.0000984378489886,1.0,2,Materials
2005-03-07,APD-MAS,1.0,1.0,5.000095569136426,1.0,2,Materials
2005-03-08,APD-MAS,-1.0,-1.0,5.000096295490329,1.0,2,Materials
2005-03-09,APD-MAS,1.0,1.0,5.000096139096904,1.0,2,Materials
2005-03-10,APD-MAS,-1.0,-1.0,5.000096343648831,1.0,2,Materials
2005-03-11,APD-MAS,1.0,1.0,5.000095735972508,1.0,2,Materials
2005-03-14,APD-MAS,-1.0,-1.0,5.000095755898602,1.0,2,Materials
2005-03-15,APD-MAS,1.0,1.0,5.00009686381369,1.0,2,Materials
2005-03-16,APD-MAS,-1.0,-1.0,5.0000962371923094,1.0,2,Materials
2005-03-17,APD-MAS,1.0,1.0,5.000095528726585,1.0,2,Materials
2005-03-18,APD-MAS,-1.0,-1.0,5.000094155441904,1.0,2,Materials
2005-03-21,APD-MAS,1.0,1.0,5.000093607493131,1.0,2,Materials
2005-03-22,APD-MAS,-1.0,-1.0,5.000092374745666,1.0,2,Materials
2005-03-23,APD-MAS,1.0,1.0,5.000091290965924,1.0,2,Materials
2005-03-24,APD-MAS,-1.0,-1.0,5.000091842578577,1.0,2,Materials
2005-03-28,APD-MAS,1.0,1.0,5.000093042933528,1.0,2,Materials
2005-03-29,APD-MAS,-1.0,-1.0,5.0000918412080555,1.0,2,Materials
2005-03-30,APD-MAS,1.0,1.0,5.000091550251961,1.0,2,Materials
2005-03-31,APD-MAS,-1.0,-1.0,5.0000912769483215,1.0,2,Materials
2005-04-01,APD-MAS,1.0,1.0,5.0000917373186375,1.0,2,Materials
2005-04-04,APD-MAS,-1.0,-1.0,5.000091629659002,1.0,2,Materials
2005-04-05,APD-MAS,1.0,1.0,5.000093228595443,1.0,2,Materials
2005-04-06,APD-MAS,-1.0,-1.0,5.000093451238948,1.0,2,Materials
2005-04-07,APD-MAS,1.0,1.0,5.0000937421680245,1.0,2,Materials
2005-04-08,APD-MAS,-1.0,-1.0,5.000094427091417,1.0,2,Materials
2005-04-11,APD-MAS,1.0,1.0,5.000095858754559,1.0,2,Materials
2005-04-12,APD-MAS,-1.0,-1.0,5.000095619707753,1.0,2,Materials
2005-04-13,APD-MAS,1.0,1.0,5.000093760153143,1.0,2,Materials
2005-04-14,APD-MAS,-1.0,-1.0,5.000092246444227,1.0,2,Materials
2005-05-02,APD-MAS,1.0,1.0,5.000086963761385,1.0,2,Materials
2005-05-03,APD-MAS,-1.0,-1.0,5.000086680934501,1.0,2,Materials
2005-05-04,APD-MAS,1.0,1.0,5.0000863041677555,1.0,2,Materials
2005-05-05,APD-MAS,-1.0,-1.0,5.000086025211523,1.0,2,Materials
2005-05-06,APD-MAS,1.0,1.0,5.000085396432754,1.0,2,Materials
2005-05-09,APD-MAS,-1.0,-1.0,5.00008465495636,1.0,2,Materials
2005-05-10,APD-MAS,1.0,1.0,5.000084596772869,1.0,2,Materials
2005-05-11,APD-MAS,-1.0,-1.0,5.000085332955714,1.0,2,Materials
2005-05-12,APD-MAS,1.0,1.0,5.000087047785707,1.0,2,Materials
2005-05-13,APD-MAS,-1.0,-1.0,5.0000883058026195,1.0,2,Materials
2005-05-16,APD-MAS,1.0,1.0,5.000089218205914,1.0,2,Materials
2005-05-17,APD-MAS,-1.0,-1.0,5.000089780924023,1.0,2,Materials
2005-08-11,COST-HD,1.0,1.0,5.0000665472093395,1.0,2,Retail
2005-10-10,DIS-T,1.0,1.0,5.000049516717168,1.0,2,Media & Telecom
2005-11-03,DIS-T,-1.0,-1.0,5.000053192251496,1.0,2,Media & Telecom
2005-10-17,PCAR-SWK,1.0,1.0,5.000153368500534,1.0,2,Machinery
2005-11-09,PCAR-SWK,-1.0,-1.0,5.000139237842681,1.0,2,Machinery
2005-10-11,LMT-RTN,-1.0,-1.0,5.000101573609406,1.0,2,Aerospace & Defense
2005-11-11,LMT-RTN,1.0,1.0,5.000098159702818,1.0,2,Aerospace & Defense
2006-01-27,CMCSA-T,-1.0,-1.0,5.000045696990958,1.0,2,Media & Telecom
2006-02-02,CMCSA-T,1.0,1.0,5.000043678660006,1.0,2,Media & Telecom
2006-02-03,CMCSA-T,-1.0,-1.0,5.0000427478074965,1.0,2,Media & Telecom
2006-02-06,CMCSA-T,1.0,1.0,5.000042260552123,1.0,2,Media & Telecom
2006-02-07,CMCSA-T,-1.0,-1.0,5.0000423295743355,1.0,2,Media & Telecom
2006-02-08,CMCSA-T,1.0,1.0,5.000042567322042,1.0,2,Media & Telecom
2006-02-09,CMCSA-T,-1.0,-1.0,5.0000424104894,1.0,2,Media & Telecom
2006-02-10,CMCSA-T,1.0,1.0,5.000042272663018,1.0,2,Media & Telecom
2006-02-13,CMCSA-T,-1.0,-1.0,5.000042188978116,1.0,2,Media & Telecom
2006-02-14,CMCSA-T,1.0,1.0,5.0000422253833765,1.0,2,Media & Telecom
2006-02-15,CMCSA-T,-1.0,-1.0,5.000042711593573,1.0,2,Media & Telecom
2005-12-14,ECL-PG,-1.0,-1.0,5.000160972999965,1.0,2,Staples - Household
2006-01-30,ECL-PG,1.0,1.0,5.000151811043629,1.0,2,Staples - Household
2006-01-31,ECL-PG,-1.0,-1.0,5.000152028495122,1.0,2,Staples - Household
2006-02-02,ECL-PG,1.0,1.0,5.000158048951056,1.0,2,Staples - Household
2006-02-03,ECL-PG,-1.0,-1.0,5.000160434560183,1.0,2,Staples - Household
2006-06-13,APA-COP,1.0,1.0,5.000045486674511,1.0,2,Energy
2006-06-30,APA-COP,-1.0,-1.0,5.000045351642464,1.0,2,Energy
2006-07-07,JPM-STT,-1.0,-1.0,5.000076006688131,1.0,2,Banks
2006-05-26,GIS-KO,-1.0,-1.0,5.000065315627651,1.0,2,Staples - Food & Beverage
2006-07-26,GIS-KO,1.0,1.0,5.000066726726647,1.0,2,Staples - Food & Beverage
2006-07-27,GIS-KO,-1.0,-1.0,5.0000663091445166,1.0,2,Staples - Food & Beverage
2006-08-07,AIG-MMC,-1.0,-1.0,5.000074991274535,1.0,2,Insurance
2006-10-11,GPS-WMT,-1.0,-1.0,5.000063536109317,1.0,2,Retail
2006-10-31,GPS-WMT,1.0,1.0,5.000061702796246,1.0,2,Retail
2006-11-01,GPS-WMT,-1.0,-1.0,5.000061398976654,1.0,2,Retail
2006-11-02,GPS-WMT,1.0,1.0,5.00005972810372,1.0,2,Retail
2006-11-03,GPS-WMT,-1.0,-1.0,5.000059660734941,1.0,2,Retail
2006-10-04,APA-COP,1.0,1.0,5.000044885770631,1.0,2,Energy
2006-10-20,APA-COP,-1.0,-1.0,5.000047136212389,1.0,2,Energy
2006-12-11,COP-OXY,-1.0,-1.0,5.000051026117918,1.0,2,Energy
2007-01-19,ADBE-MSFT,1.0,1.0,5.0000562617498225,1.0,2,Tech - Software
2006-12-05,BK-STT,-1.0,-1.0,5.000075339750034,1.0,2,Banks
2007-01-18,BK-STT,1.0,1.0,5.00007059828024,1.0,2,Banks
2007-02-06,BK-STT,-1.0,-1.0,5.000058304715201,1.0,2,Banks
2007-04-25,LRCX-TXN,-1.0,-1.0,5.000054027772114,1.0,2,Tech - Semiconductors
2007-03-28,ADBE-MSFT,-1.0,-1.0,5.000044978983867,1.0,2,Tech - Software
2007-05-01,ADBE-MSFT,1.0,1.0,5.000048581755925,1.0,2,Tech - Software
2007-07-12,AMD-MU,1.0,1.0,5.000040653525799,1.0,2,Tech - Semiconductors
2007-07-27,AMD-MU,-1.0,-1.0,5.000039684446349,1.0,2,Tech - Semiconductors
2007-08-06,CPB-MO,1.0,1.0,5.000080933792256,1.0,2,Staples - Food & Beverage
2007-08-10,CPB-MO,-1.0,-1.0,5.000079562230834,1.0,2,Staples - Food & Beverage
2007-08-13,CPB-MO,1.0,1.0,5.000079614393881,1.0,2,Staples - Food & Beverage
2007-07-18,EMR-ETN,-1.0,-1.0,5.000071420582227,1.0,2,Machinery
2007-08-01,EMR-ETN,1.0,1.0,5.0000608370760755,1.0,2,Machinery
2007-08-02,MCK-UNH,-1.0,-1.0,5.0000677194832095,1.0,2,Healthcare Services
2007-10-11,COST-TGT,-1.0,-1.0,5.000041318805268,1.0,2,Retail
2007-10-23,COST-TGT,1.0,1.0,5.000040021243788,1.0,2,Retail
2007-10-24,COST-TGT,-1.0,-1.0,5.00003988148577,1.0,2,Retail
2007-11-01,COST-TGT,1.0,1.0,5.000039004256163,1.0,2,Retail
2007-11-02,COST-TGT,-1.0,-1.0,5.000038563503132,1.0,2,Retail
2007-11-05,COST-TGT,1.0,1.0,5.000038369610753,1.0,2,Retail
2007-11-06,COST-TGT,-1.0,-1.0,5.000038249208117,1.0,2,Retail
2007-11-07,COST-TGT,1.0,1.0,5.000043151459744,1.0,2,Retail
2007-11-08,COST-TGT,-1.0,-1.0,5.000043521225409,1.0,2,Retail
2007-11-09,COST-TGT,1.0,1.0,5.00004422115849,1.0,2,Retail
2007-11-12,COST-TGT,-1.0,-1.0,5.000044475225074,1.0,2,Retail
2007-11-13,COST-TGT,1.0,1.0,5.00004406457,1.0,2,Retail
2007-11-14,COST-TGT,-1.0,-1.0,5.000044079545713,1.0,2,Retail
2007-11-15,COST-TGT,1.0,1.0,5.0000436002455135,1.0,2,Retail
2007-09-21,HAL-MRO,-1.0,-1.0,5.000038408371056,1.0,2,Energy
2007-10-12,HAL-MRO,1.0,1.0,5.000041470207993,1.0,2,Energy
2007-10-15,HAL-MRO,-1.0,-1.0,5.000041489231913,1.0,2,Energy
2007-10-16,HAL-MRO,1.0,1.0,5.00004144230245,1.0,2,Energy
2007-10-17,HAL-MRO,-1.0,-1.0,5.000041919818629,1.0,2,Energy
2007-10-18,HAL-MRO,1.0,1.0,5.000040483979737,1.0,2,Energy
2007-10-19,HAL-MRO,-1.0,-1.0,5.0000396095208295,1.0,2,Energy
2007-10-26,HAL-MRO,1.0,1.0,5.000038575027048,1.0,2,Energy
2007-10-29,HAL-MRO,-1.0,-1.0,5.0000385618082515,1.0,2,Energy
2008-01-22,BK-C,1.0,1.0,5.000038756757524,1.0,2,Banks
2008-02-04,BK-C,-1.0,-1.0,5.000034688241212,1.0,2,Banks
2007-12-10,T-VZ,1.0,1.0,5.000031846252035,1.0,2,Media & Telecom
2007-12-13,T-VZ,-1.0,-1.0,5.0000315006916285,1.0,2,Media & Telecom
2008-01-15,ADSK-ORCL,1.0,1.0,5.000072558096513,1.0,2,Tech - Software
2008-04-01,MRK-SYK,1.0,1.0,5.000064618683286,1.0,2,Pharma & Med Device
2008-04-16,MRK-SYK,-1.0,-1.0,5.000070763374708,1.0,2,Pharma & Med Device
2008-04-30,MRK-SYK,1.0,1.0,5.0000719074872215,1.0,2,Pharma & Med Device
2008-05-19,INTC-QCOM,-1.0,-1.0,5.000028562632279,1.0,2,Tech - Semiconductors
2008-05-22,LLY-MDT,1.0,1.0,5.0,1.0,2,Pharma & Med Device
2008-06-27,LLY-MDT,-1.0,-1.0,5.000043603922069,1.0,2,Pharma & Med Device
2008-06-30,LLY-MDT,1.0,1.0,5.000043723011172,1.0,2,Pharma & Med Device
2008-07-01,LLY-MDT,-1.0,-1.0,5.000043921703557,1.0,2,Pharma & Med Device
2008-07-02,LLY-MDT,1.0,1.0,5.000044492714586,1.0,2,Pharma & Med Device
2008-07-08,LLY-MDT,-1.0,-1.0,5.000044993085702,1.0,2,Pharma & Med Device
2008-07-09,LLY-MDT,1.0,1.0,5.0000447253114055,1.0,2,Pharma & Med Device
2008-07-17,LLY-MDT,-1.0,-1.0,5.000042461779126,1.0,2,Pharma & Med Device
2008-07-18,LLY-MDT,1.0,1.0,5.000042755223722,1.0,2,Pharma & Med Device
2008-07-21,LLY-MDT,-1.0,-1.0,5.000043195096442,1.0,2,Pharma & Med Device
2008-07-22,LLY-MDT,1.0,1.0,5.000042997374822,1.0,2,Pharma & Med Device
2008-07-23,LLY-MDT,-1.0,-1.0,5.000043605321386,1.0,2,Pharma & Med Device
2008-07-24,LLY-MDT,1.0,1.0,5.000043773036593,1.0,2,Pharma & Med Device
2008-07-25,LLY-MDT,-1.0,-1.0,5.000044147268668,1.0,2,Pharma & Med Device
2008-07-28,LLY-MDT,1.0,1.0,5.000044508176616,1.0,2,Pharma & Med Device
2008-07-29,LLY-MDT,-1.0,-1.0,5.000044441287355,1.0,2,Pharma & Med Device
2008-07-30,LLY-MDT,1.0,1.0,5.000044230113568,1.0,2,Pharma & Med Device
2008-07-31,LLY-MDT,-1.0,-1.0,5.000044162206522,1.0,2,Pharma & Med Device
2008-08-01,LLY-MDT,1.0,1.0,5.000044197618417,1.0,2,Pharma & Med Device
2008-08-04,LLY-MDT,-1.0,-1.0,5.000044417267247,1.0,2,Pharma & Med Device
2008-08-05,LLY-MDT,1.0,1.0,5.000044989934414,1.0,2,Pharma & Med Device
2008-08-06,LLY-MDT,-1.0,-1.0,5.000045590482521,1.0,2,Pharma & Med Device
2008-08-07,LLY-MDT,1.0,1.0,5.000046176287918,1.0,2,Pharma & Med Device
2008-08-11,LLY-MDT,-1.0,-1.0,5.000046128617696,1.0,2,Pharma & Med Device
2008-08-12,LLY-MDT,1.0,1.0,5.00004655488398,1.0,2,Pharma & Med Device
2008-08-14,LLY-MDT,-1.0,-1.0,5.00004726524781,1.0,2,Pharma & Med Device
2008-08-15,LLY-MDT,1.0,1.0,5.000047658172395,1.0,2,Pharma & Med Device
2008-08-18,LLY-MDT,-1.0,-1.0,5.0000472948767944,1.0,2,Pharma & Med Device
2008-06-02,COP-SLB,-1.0,-1.0,5.0000262777006315,1.0,2,Energy
2008-07-16,COP-SLB,1.0,1.0,5.000023051055779,1.0,2,Energy
2008-06-30,DUK-PEG,1.0,1.0,5.0000678936624094,1.0,2,Utilities
2008-07-25,DUK-PEG,-1.0,-1.0,5.00006850309274,1.0,2,Utilities
2008-06-27,K-MO,1.0,1.0,5.0000645687288765,1.0,2,Staples - Food & Beverage
2008-07-24,K-MO,-1.0,-1.0,5.000064258246486,1.0,2,Staples - Food & Beverage
2008-09-17,PEP-MO,-1.0,-1.0,5.000043199760169,1.0,2,Staples - Food & Beverage
2008-10-14,PEP-MO,1.0,1.0,5.000034721980238,1.0,2,Staples - Food & Beverage
2008-10-21,PEP-MO,1.0,1.0,5.000034300537038,1.0,2,Staples - Food & Beverage
2008-11-04,PEP-MO,-1.0,-1.0,5.000033800713051,1.0,2,Staples - Food & Beverage
2008-11-14,PEP-MO,-1.0,-1.0,5.000037158555703,1.0,2,Staples - Food & Beverage
2008-09-19,PNC-USB,-1.0,-1.0,5.00003624877757,1.0,2,Banks
2008-09-30,PNC-USB,1.0,1.0,5.000035006338704,1.0,2,Banks
2008-11-13,PNC-USB,1.0,1.0,5.000037583597332,1.0,2,Banks
2008-10-08,APA-OXY,-1.0,-1.0,5.000030857437279,1.0,2,Energy
2008-10-10,APA-OXY,1.0,1.0,5.000030478702367,1.0,2,Energy
2008-10-13,APA-OXY,-1.0,-1.0,5.000030528771888,1.0,2,Energy
2008-10-14,APA-OXY,1.0,1.0,5.000030442437408,1.0,2,Energy
2008-10-15,APA-OXY,-1.0,-1.0,5.000030614447963,1.0,2,Energy
2008-10-16,APA-OXY,1.0,1.0,5.00003061685867,1.0,2,Energy
2008-10-17,APA-OXY,-1.0,-1.0,5.000031052110889,1.0,2,Energy
2008-10-20,APA-OXY,1.0,1.0,5.000031159399663,1.0,2,Energy
2008-10-21,APA-OXY,-1.0,-1.0,5.000031014564364,1.0,2,Energy
2008-10-22,APA-OXY,1.0,1.0,5.000030841363385,1.0,2,Energy
2008-10-23,APA-OXY,-1.0,-1.0,5.00003067749874,1.0,2,Energy
2008-10-24,APA-OXY,1.0,1.0,5.000030589668049,1.0,2,Energy
2008-10-27,APA-OXY,-1.0,-1.0,5.000030840069359,1.0,2,Energy
2008-10-28,APA-OXY,1.0,1.0,5.000030943449714,1.0,2,Energy
2008-10-29,APA-OXY,-1.0,-1.0,5.000030780415441,1.0,2,Energy
2008-11-12,APA-OXY,1.0,1.0,5.000034687791495,1.0,2,Energy
2008-11-13,APA-OXY,-1.0,-1.0,5.000034782939418,1.0,2,Energy
2008-11-14,APA-OXY,1.0,1.0,5.000035317672341,1.0,2,Energy
2008-10-02,HD-JWN,-1.0,-1.0,5.00005161350323,1.0,2,Retail
2008-10-14,HD-JWN,1.0,1.0,5.0000520194876605,1.0,2,Retail
2008-10-15,HD-JWN,-1.0,-1.0,5.00005257555924,1.0,2,Retail
2008-10-16,HD-JWN,1.0,1.0,5.000053647496283,1.0,2,Retail
2008-10-17,HD-JWN,-1.0,-1.0,5.000055580258507,1.0,2,Retail
2008-10-20,HD-JWN,1.0,1.0,5.000056562910098,1.0,2,Retail
2008-10-21,HD-JWN,-1.0,-1.0,5.000057126859667,1.0,2,Retail
2008-10-22,HD-JWN,1.0,1.0,5.000058241933691,1.0,2,Retail
2008-10-23,HD-JWN,-1.0,-1.0,5.0000586082815355,1.0,2,Retail
2008-10-24,HD-JWN,1.0,1.0,5.0000592280140665,1.0,2,Retail
2008-10-27,HD-JWN,-1.0,-1.0,5.000060278698009,1.0,2,Retail
2008-10-28,HD-JWN,1.0,1.0,5.000059751653767,1.0,2,Retail
2008-10-29,HD-JWN,-1.0,-1.0,5.000059895542417,1.0,2,Retail
2008-10-30,HD-JWN,1.0,1.0,5.000061197633704,1.0,2,Retail
2008-10-31,HD-JWN,-1.0,-1.0,5.000062710709988,1.0,2,Retail
2008-11-03,HD-JWN,1.0,1.0,5.000064448633406,1.0,2,Retail
2008-11-04,HD-JWN,-1.0,-1.0,5.00006592938771,1.0,2,Retail
2008-11-05,HD-JWN,1.0,1.0,5.000067782816658,1.0,2,Retail
2008-11-06,HD-JWN,-1.0,-1.0,5.00006913549646,1.0,2,Retail
2008-11-07,HD-JWN,1.0,1.0,5.000072116764732,1.0,2,Retail
2008-11-10,HD-JWN,-1.0,-1.0,5.000073288503371,1.0,2,Retail
2008-11-11,HD-JWN,1.0,1.0,5.0000733763578795,1.0,2,Retail
2008-11-12,HD-JWN,-1.0,-1.0,5.000074116285705,1.0,2,Retail
2008-11-13,HD-JWN,1.0,1.0,5.000074356131754,1.0,2,Retail
2008-11-14,HD-JWN,-1.0,-1.0,5.000073999328549,1.0,2,Retail
2008-11-25,AMD-LRCX,1.0,1.0,5.000122562081667,1.0,2,Tech - Semiconductors
2009-01-14,AMD-LRCX,-1.0,-1.0,5.000135154523452,1.0,2,Tech - Semiconductors
2009-01-21,AMD-LRCX,1.0,1.0,5.0001328888661085,1.0,2,Tech - Semiconductors
2009-02-27,ABC-HUM,-1.0,-1.0,5.000081842201676,1.0,2,Healthcare Services
2009-03-03,ABC-HUM,1.0,1.0,5.000083025165259,1.0,2,Healthcare Services
2009-03-04,ABC-HUM,-1.0,-1.0,5.0000833491773795,1.0,2,Healthcare Services
2009-03-05,ABC-HUM,1.0,1.0,5.00008314878562,1.0,2,Healthcare Services
2009-03-06,ABC-HUM,-1.0,-1.0,5.000082745999107,1.0,2,Healthcare Services
2009-03-09,ABC-HUM,1.0,1.0,5.0000839085422655,1.0,2,Healthcare Services
2009-03-10,ABC-HUM,-1.0,-1.0,5.000083790739672,1.0,2,Healthcare Services
2009-04-24,ABC-HUM,1.0,1.0,5.000095281601417,1.0,2,Healthcare Services
2009-04-27,ABC-HUM,-1.0,-1.0,5.00009458049447,1.0,2,Healthcare Services
2009-03-13,MAS-VMC,-1.0,-1.0,5.000121644893504,1.0,2,Materials
2009-04-17,MAS-VMC,1.0,1.0,5.000107878221811,1.0,2,Materials
2009-05-14,MAS-VMC,-1.0,-1.0,5.000094976525646,1.0,2,Materials
2009-11-04,DOV-SWK,1.0,1.0,5.000089421523915,1.0,2,Machinery
2009-12-03,KLAC-LRCX,1.0,1.0,5.0000901717069635,1.0,2,Tech - Semiconductors
2010-01-27,KLAC-LRCX,-1.0,-1.0,5.000080829766361,1.0,2,Tech - Semiconductors
2010-01-28,KLAC-LRCX,1.0,1.0,5.000076825213109,1.0,2,Tech - Semiconductors
2010-07-15,PEG-SO,-1.0,-1.0,5.000067702124706,1.0,2,Utilities
2010-07-28,PEG-SO,1.0,1.0,5.000073120966247,1.0,2,Utilities
2010-07-29,PEG-SO,-1.0,-1.0,5.000073156568959,1.0,2,Utilities
2010-08-03,COP-OXY,-1.0,-1.0,5.000040424651844,1.0,2,Energy
2010-06-08,AIG-MMC,-1.0,-1.0,5.00008242479582,1.0,2,Insurance
2010-06-15,AIG-MMC,1.0,1.0,5.000076972257406,1.0,2,Insurance
2010-09-29,ADI-AMD,-1.0,-1.0,5.000061085770661,1.0,2,Tech - Semiconductors
2010-11-01,ADI-AMD,1.0,1.0,5.000061999546583,1.0,2,Tech - Semiconductors
2010-11-02,ADI-AMD,-1.0,-1.0,5.000062232295033,1.0,2,Tech - Semiconductors
2010-11-03,ADI-AMD,1.0,1.0,5.000062068013881,1.0,2,Tech - Semiconductors
2010-11-04,ADI-AMD,-1.0,-1.0,5.000060974825279,1.0,2,Tech - Semiconductors
2010-11-05,ADI-AMD,1.0,1.0,5.000060883052504,1.0,2,Tech - Semiconductors
2010-11-08,ADI-AMD,-1.0,-1.0,5.000060352119278,1.0,2,Tech - Semiconductors
2010-11-09,ADI-AMD,1.0,1.0,5.000061078237938,1.0,2,Tech - Semiconductors
2010-11-10,ADI-AMD,-1.0,-1.0,5.000062173965012,1.0,2,Tech - Semiconductors
2010-11-11,ADI-AMD,1.0,1.0,5.00006221931928,1.0,2,Tech - Semiconductors
2010-11-12,ADI-AMD,-1.0,-1.0,5.000062316650272,1.0,2,Tech - Semiconductors
2010-11-15,ADI-AMD,1.0,1.0,5.000062552992381,1.0,2,Tech - Semiconductors
2010-11-16,ADI-AMD,-1.0,-1.0,5.0000628486418295,1.0,2,Tech - Semiconductors
2010-09-27,COST-TJX,-1.0,-1.0,5.000063609974753,1.0,2,Retail
2010-12-01,AXP-COF,-1.0,-1.0,5.000057772757095,1.0,2,Capital Markets & Cards
2010-12-21,AXP-COF,1.0,1.0,5.0000558334699345,1.0,2,Capital Markets & Cards
2011-02-01,AXP-COF,1.0,1.0,5.000049925502462,1.0,2,Capital Markets & Cards
2010-12-22,GPS-LOW,1.0,1.0,5.000056772303274,1.0,2,Retail
2010-12-31,GPS-LOW,-1.0,-1.0,5.0000629293179815,1.0,2,Retail
2011-01-18,GPS-LOW,1.0,1.0,5.0000567984745174,1.0,2,Retail
2011-01-28,GPS-LOW,-1.0,-1.0,5.000050784518627,1.0,2,Retail
2011-01-31,GPS-LOW,1.0,1.0,5.000050524022895,1.0,2,Retail
2010-11-23,ADI-KLAC,-1.0,-1.0,5.000088470153837,1.0,2,Tech - Semiconductors
2011-01-18,ADI-KLAC,1.0,1.0,5.000085728296746,1.0,2,Tech - Semiconductors
2011-01-19,ADI-KLAC,-1.0,-1.0,5.000084511080205,1.0,2,Tech - Semiconductors
2011-05-11,FE-PEG,-1.0,-1.0,5.000075495161134,1.0,2,Utilities
2011-05-18,FE-PEG,1.0,1.0,5.000074118296542,1.0,2,Utilities
2011-03-17,NEM-VMC,1.0,1.0,5.000108278914268,1.0,2,Materials
2011-04-01,NEM-VMC,-1.0,-1.0,5.00012049967963,1.0,2,Materials
2011-07-20,C-WFC,1.0,1.0,5.000024333172437,1.0,2,Banks
2011-08-08,C-WFC,-1.0,-1.0,5.000022784199068,1.0,2,Banks
2011-08-09,C-WFC,1.0,1.0,5.0000218562921575,1.0,2,Banks
2011-08-10,C-WFC,-1.0,-1.0,5.000021284685927,1.0,2,Banks
2011-08-11,C-WFC,1.0,1.0,5.000020851568609,1.0,2,Banks
2011-08-12,C-WFC,-1.0,-1.0,5.000020738275029,1.0,2,Banks
2011-08-15,C-WFC,1.0,1.0,5.000020875155694,1.0,2,Banks
2011-08-16,C-WFC,-1.0,-1.0,5.0000212499412475,1.0,2,Banks
2011-08-17,C-WFC,1.0,1.0,5.000021435694476,1.0,2,Banks
2011-05-23,GPS-JWN,1.0,1.0,5.0,1.0,2,Retail
2011-05-25,GPS-JWN,-1.0,-1.0,5.000079722763244,1.0,2,Retail
2011-05-26,GPS-JWN,1.0,1.0,5.000077616419639,1.0,2,Retail
2011-05-27,GPS-JWN,-1.0,-1.0,5.000077673601044,1.0,2,Retail
2011-05-31,GPS-JWN,1.0,1.0,5.000076154291789,1.0,2,Retail
2011-06-03,GPS-JWN,-1.0,-1.0,5.00007221938929,1.0,2,Retail
2011-06-06,GPS-JWN,1.0,1.0,5.00007159375757,1.0,2,Retail
2011-06-07,GPS-JWN,-1.0,-1.0,5.000070488698388,1.0,2,Retail
2011-06-08,GPS-JWN,1.0,1.0,5.000069016537461,1.0,2,Retail
2011-06-09,GPS-JWN,-1.0,-1.0,5.000067981731995,1.0,2,Retail
2011-06-10,GPS-JWN,1.0,1.0,5.000067390191753,1.0,2,Retail
2011-06-13,GPS-JWN,-1.0,-1.0,5.000067810590676,1.0,2,Retail
2011-06-14,GPS-JWN,1.0,1.0,5.000067785439892,1.0,2,Retail
2011-06-15,GPS-JWN,-1.0,-1.0,5.000068245483073,1.0,2,Retail
2011-06-16,GPS-JWN,1.0,1.0,5.000068771243504,1.0,2,Retail
2011-06-17,GPS-JWN,-1.0,-1.0,5.000069244136684,1.0,2,Retail
2011-06-20,GPS-JWN,1.0,1.0,5.000069404820885,1.0,2,Retail
2011-06-21,GPS-JWN,-1.0,-1.0,5.000068800425149,1.0,2,Retail
2011-06-22,GPS-JWN,1.0,1.0,5.000068396747033,1.0,2,Retail
2011-06-23,GPS-JWN,-1.0,-1.0,5.000067774007796,1.0,2,Retail
2011-06-24,GPS-JWN,1.0,1.0,5.000068164971818,1.0,2,Retail
2011-06-27,GPS-JWN,-1.0,-1.0,5.000067941734466,1.0,2,Retail
2011-06-28,GPS-JWN,1.0,1.0,5.000068448109018,1.0,2,Retail
2011-06-29,GPS-JWN,-1.0,-1.0,5.000068575298746,1.0,2,Retail
2011-06-30,GPS-JWN,1.0,1.0,5.000068808743466,1.0,2,Retail
2011-07-01,GPS-JWN,-1.0,-1.0,5.0000690937566885,1.0,2,Retail
2011-07-05,GPS-JWN,1.0,1.0,5.000069416619597,1.0,2,Retail
2011-07-06,GPS-JWN,-1.0,-1.0,5.000070269272372,1.0,2,Retail
2011-07-07,GPS-JWN,1.0,1.0,5.0000695583381365,1.0,2,Retail
2011-07-08,GPS-JWN,-1.0,-1.0,5.00007052320626,1.0,2,Retail
2011-07-11,GPS-JWN,1.0,1.0,5.000071210667734,1.0,2,Retail
2011-07-12,GPS-JWN,-1.0,-1.0,5.000070980385731,1.0,2,Retail
2011-07-13,GPS-JWN,1.0,1.0,5.000071506719637,1.0,2,Retail
2011-07-14,GPS-JWN,-1.0,-1.0,5.0000702262208145,1.0,2,Retail
2011-07-15,GPS-JWN,1.0,1.0,5.000070026753648,1.0,2,Retail
2011-07-18,GPS-JWN,-1.0,-1.0,5.000069990629891,1.0,2,Retail
2011-07-19,GPS-JWN,1.0,1.0,5.0000691769377426,1.0,2,Retail
2011-07-20,GPS-JWN,-1.0,-1.0,5.0000702047447,1.0,2,Retail
2011-07-21,GPS-JWN,1.0,1.0,5.000070274357027,1.0,2,Retail
2011-07-22,GPS-JWN,-1.0,-1.0,5.000070995289391,1.0,2,Retail
2011-07-25,GPS-JWN,1.0,1.0,5.000071188297042,1.0,2,Retail
2011-07-26,GPS-JWN,-1.0,-1.0,5.000071366376654,1.0,2,Retail
2011-07-27,GPS-JWN,1.0,1.0,5.00007117254282,1.0,2,Retail
2011-07-28,GPS-JWN,-1.0,-1.0,5.000070359721934,1.0,2,Retail
2011-07-29,GPS-JWN,1.0,1.0,5.000070659975758,1.0,2,Retail
2011-08-01,GPS-JWN,-1.0,-1.0,5.000070258072408,1.0,2,Retail
2011-08-02,GPS-JWN,1.0,1.0,5.000068105342402,1.0,2,Retail
2011-08-03,GPS-JWN,-1.0,-1.0,5.000066461554961,1.0,2,Retail
2011-08-04,GPS-JWN,1.0,1.0,5.000065154679827,1.0,2,Retail
2011-08-05,GPS-JWN,-1.0,-1.0,5.000062734760021,1.0,2,Retail
2011-08-08,GPS-JWN,1.0,1.0,5.000061552142478,1.0,2,Retail
2011-08-09,GPS-JWN,-1.0,-1.0,5.000060061128948,1.0,2,Retail
2011-08-10,GPS-JWN,1.0,1.0,5.00005901579067,1.0,2,Retail
2011-08-11,GPS-JWN,-1.0,-1.0,5.000059158021243,1.0,2,Retail
2011-08-12,GPS-JWN,1.0,1.0,5.000057737849391,1.0,2,Retail
2011-08-15,GPS-JWN,-1.0,-1.0,5.000056686925242,1.0,2,Retail
2011-08-16,GPS-JWN,1.0,1.0,5.000056338008928,1.0,2,Retail
2011-08-17,GPS-JWN,-1.0,-1.0,5.000054995417667,1.0,2,Retail
2011-06-08,AVY-PPG,1.0,1.0,5.000109193058922,1.0,2,Materials
2011-07-20,AVY-PPG,-1.0,-1.0,5.00011408265012,1.0,2,Materials
2011-07-21,AVY-PPG,1.0,1.0,5.000111199060662,1.0,2,Materials
2011-07-22,AVY-PPG,-1.0,-1.0,5.000112110134859,1.0,2,Materials
2011-07-25,AVY-PPG,1.0,1.0,5.000111267868775,1.0,2,Materials
2011-07-26,AVY-PPG,-1.0,-1.0,5.000109286413874,1.0,2,Materials
2011-07-27,AVY-PPG,1.0,1.0,5.000105741581301,1.0,2,Materials
2011-07-28,AVY-PPG,-1.0,-1.0,5.000104441219176,1.0,2,Materials
2011-07-29,AVY-PPG,1.0,1.0,5.00010329392069,1.0,2,Materials
2011-08-01,AVY-PPG,-1.0,-1.0,5.000101936068162,1.0,2,Materials
2011-08-02,AVY-PPG,1.0,1.0,5.000101213966474,1.0,2,Materials
2011-08-03,AVY-PPG,-1.0,-1.0,5.000101026058745,1.0,2,Materials
2011-08-04,AVY-PPG,1.0,1.0,5.0000996109120734,1.0,2,Materials
2011-08-05,AVY-PPG,-1.0,-1.0,5.000098324012319,1.0,2,Materials
2011-08-08,AVY-PPG,1.0,1.0,5.000096306476114,1.0,2,Materials
2011-08-09,AVY-PPG,-1.0,-1.0,5.000092135061073,1.0,2,Materials
2011-08-10,AVY-PPG,1.0,1.0,5.000090070764191,1.0,2,Materials
2011-08-11,AVY-PPG,-1.0,-1.0,5.00008894308594,1.0,2,Materials
2011-08-12,AVY-PPG,1.0,1.0,5.000088721282215,1.0,2,Materials
2011-08-15,AVY-PPG,-1.0,-1.0,5.0000885863868,1.0,2,Materials
2011-08-16,AVY-PPG,1.0,1.0,5.000095306387906,1.0,2,Materials
2011-08-17,AVY-PPG,-1.0,-1.0,5.000098684976518,1.0,2,Materials
2011-09-16,ABC-UNH,1.0,1.0,5.000072032201436,1.0,2,Healthcare Services
2011-10-05,ABC-UNH,-1.0,-1.0,5.000068928665248,1.0,2,Healthcare Services
2011-10-03,NUE-VMC,-1.0,-1.0,5.000092972933819,1.0,2,Materials
2011-11-07,NUE-VMC,1.0,1.0,5.0001056373982795,1.0,2,Materials
2011-11-08,NUE-VMC,-1.0,-1.0,5.000106937787998,1.0,2,Materials
2011-11-09,NUE-VMC,1.0,1.0,5.000105558898623,1.0,2,Materials
2011-11-10,NUE-VMC,-1.0,-1.0,5.00010499964707,1.0,2,Materials
2011-11-11,NUE-VMC,1.0,1.0,5.000104437701069,1.0,2,Materials
2011-11-14,NUE-VMC,-1.0,-1.0,5.000106023896877,1.0,2,Materials
2011-11-15,NUE-VMC,1.0,1.0,5.000105666083333,1.0,2,Materials
2012-04-18,HSY-K,-1.0,-1.0,5.000093713371081,1.0,2,Staples - Food & Beverage
2012-05-04,COST-JWN,1.0,1.0,5.000075391844161,1.0,2,Retail
2012-05-14,COST-JWN,-1.0,-1.0,5.000072483841632,1.0,2,Retail
2012-06-08,COST-JWN,-1.0,-1.0,5.000067628663472,1.0,2,Retail
2012-06-29,COST-JWN,1.0,1.0,5.0000721265237145,1.0,2,Retail
2012-07-02,COST-JWN,-1.0,-1.0,5.00007262685206,1.0,2,Retail
2012-05-21,ADBE-ADSK,-1.0,-1.0,5.0,1.0,2,Tech - Software
2012-07-11,ADBE-ADSK,1.0,1.0,5.000086863279876,1.0,2,Tech - Software
2012-07-12,ADBE-ADSK,-1.0,-1.0,5.000085593569533,1.0,2,Tech - Software
2012-08-09,AEP-ED,-1.0,-1.0,5.000080937390958,1.0,2,Utilities
2012-10-22,GLW-XRX,-1.0,-1.0,5.0000844988552196,1.0,2,Tech - Hardware
2013-01-25,BMY-MRK,-1.0,-1.0,5.000040855380324,1.0,2,Pharma & Med Device
2012-11-30,GIS-MO,-1.0,-1.0,5.000066362860842,1.0,2,Staples - Food & Beverage
2013-01-30,GIS-MO,1.0,1.0,5.000062271137041,1.0,2,Staples - Food & Beverage
2013-01-31,GIS-MO,-1.0,-1.0,5.000062370940453,1.0,2,Staples - Food & Beverage
2013-02-01,GIS-MO,1.0,1.0,5.000062931461407,1.0,2,Staples - Food & Beverage
2013-02-04,GIS-MO,-1.0,-1.0,5.0000635121193335,1.0,2,Staples - Food & Beverage
2013-02-06,GIS-MO,1.0,1.0,5.000064824419745,1.0,2,Staples - Food & Beverage
2013-02-07,GIS-MO,-1.0,-1.0,5.0000648109571575,1.0,2,Staples - Food & Beverage
2013-02-08,GIS-MO,1.0,1.0,5.0000656430314026,1.0,2,Staples - Food & Beverage
2013-02-11,GIS-MO,-1.0,-1.0,5.000068275418304,1.0,2,Staples - Food & Beverage
2013-02-12,GIS-MO,1.0,1.0,5.000067948592507,1.0,2,Staples - Food & Beverage
2013-02-13,GIS-MO,-1.0,-1.0,5.000067961747586,1.0,2,Staples - Food & Beverage
2013-02-14,GIS-MO,1.0,1.0,5.000063112904736,1.0,2,Staples - Food & Beverage
2013-02-15,GIS-MO,-1.0,-1.0,5.0000612791489125,1.0,2,Staples - Food & Beverage
2013-02-19,GIS-MO,1.0,1.0,5.000059632173415,1.0,2,Staples - Food & Beverage
2013-02-20,GIS-MO,-1.0,-1.0,5.000058433341575,1.0,2,Staples - Food & Beverage
2013-01-07,BA-LMT,-1.0,-1.0,5.0000559511861695,1.0,2,Aerospace & Defense
2013-03-14,GLW-IBM,1.0,1.0,5.000065150448559,1.0,2,Tech - Hardware
2013-04-22,GLW-IBM,-1.0,-1.0,5.0000554813738916,1.0,2,Tech - Hardware
2013-03-22,KO-MO,-1.0,-1.0,5.0000333831593355,1.0,2,Staples - Food & Beverage
2013-04-17,KO-MO,1.0,1.0,5.0000450998251615,1.0,2,Staples - Food & Beverage
2013-04-18,KO-MO,-1.0,-1.0,5.000045013190258,1.0,2,Staples - Food & Beverage
2013-04-19,KO-MO,1.0,1.0,5.000044589999381,1.0,2,Staples - Food & Beverage
2013-04-22,KO-MO,-1.0,-1.0,5.000044799247348,1.0,2,Staples - Food & Beverage
2013-04-23,KO-MO,1.0,1.0,5.000044198523861,1.0,2,Staples - Food & Beverage
2013-04-24,KO-MO,-1.0,-1.0,5.000043345296422,1.0,2,Staples - Food & Beverage
2013-04-25,KO-MO,1.0,1.0,5.000042822304813,1.0,2,Staples - Food & Beverage
2013-04-26,KO-MO,-1.0,-1.0,5.000043090133628,1.0,2,Staples - Food & Beverage
2013-05-08,KO-MO,1.0,1.0,5.000042064319048,1.0,2,Staples - Food & Beverage
2013-05-09,KO-MO,-1.0,-1.0,5.000042144700643,1.0,2,Staples - Food & Beverage
2013-05-17,KO-MO,1.0,1.0,5.000043175785732,1.0,2,Staples - Food & Beverage
2013-05-20,KO-MO,-1.0,-1.0,5.000042555181963,1.0,2,Staples - Food & Beverage
2013-03-05,TGT-WMT,-1.0,-1.0,5.00003270179229,1.0,2,Retail
2013-03-21,TGT-WMT,1.0,1.0,5.0000376516079195,1.0,2,Retail
2013-03-22,TGT-WMT,-1.0,-1.0,5.000037947303907,1.0,2,Retail
2013-03-28,TGT-WMT,1.0,1.0,5.000041218972789,1.0,2,Retail
2013-04-01,TGT-WMT,-1.0,-1.0,5.000041958808723,1.0,2,Retail
2013-04-26,TGT-WMT,1.0,1.0,5.000047238560384,1.0,2,Retail
2013-04-29,TGT-WMT,-1.0,-1.0,5.000047359000005,1.0,2,Retail
2013-04-30,TGT-WMT,1.0,1.0,5.000047337752085,1.0,2,Retail
2013-05-01,TGT-WMT,-1.0,-1.0,5.000048551037249,1.0,2,Retail
2013-05-02,TGT-WMT,1.0,1.0,5.000046595189506,1.0,2,Retail
2013-05-03,TGT-WMT,-1.0,-1.0,5.000046222338774,1.0,2,Retail
2013-05-20,TGT-WMT,1.0,1.0,5.000046245676611,1.0,2,Retail
2013-05-21,TGT-WMT,-1.0,-1.0,5.000045580402131,1.0,2,Retail
2013-05-03,COP-MRO,-1.0,-1.0,5.0000581067848655,1.0,2,Energy
2013-07-17,KO-MO,1.0,1.0,5.000042755424546,1.0,2,Staples - Food & Beverage
2013-07-24,KO-MO,-1.0,-1.0,5.000044916913385,1.0,2,Staples - Food & Beverage
2013-09-17,FCX-PPG,-1.0,-1.0,5.000083441363777,1.0,2,Materials
2013-10-18,FCX-PPG,1.0,1.0,5.000062295721169,1.0,2,Materials
2013-10-21,FCX-PPG,-1.0,-1.0,5.0000623437406135,1.0,2,Materials
2013-10-22,FCX-PPG,1.0,1.0,5.00006198297473,1.0,2,Materials
2013-10-23,FCX-PPG,-1.0,-1.0,5.000062179901904,1.0,2,Materials
2013-10-24,FCX-PPG,1.0,1.0,5.000062299951303,1.0,2,Materials
2013-10-25,FCX-PPG,-1.0,-1.0,5.000062349950738,1.0,2,Materials
2013-10-28,FCX-PPG,1.0,1.0,5.000062732390623,1.0,2,Materials
2013-10-29,FCX-PPG,-1.0,-1.0,5.000062142374887,1.0,2,Materials
2013-10-30,FCX-PPG,1.0,1.0,5.0000610544621455,1.0,2,Materials
2013-10-31,FCX-PPG,-1.0,-1.0,5.000060660708423,1.0,2,Materials
2013-11-01,FCX-PPG,1.0,1.0,5.000060897645123,1.0,2,Materials
2013-11-04,FCX-PPG,-1.0,-1.0,5.000061336354123,1.0,2,Materials
2013-11-05,FCX-PPG,1.0,1.0,5.000061757426446,1.0,2,Materials
2013-11-06,FCX-PPG,-1.0,-1.0,5.00006200425609,1.0,2,Materials
2013-11-07,FCX-PPG,1.0,1.0,5.000062332296671,1.0,2,Materials
2013-11-08,FCX-PPG,-1.0,-1.0,5.000061814058437,1.0,2,Materials
2013-11-11,FCX-PPG,1.0,1.0,5.0000614653386855,1.0,2,Materials
2013-11-12,FCX-PPG,-1.0,-1.0,5.000061088450943,1.0,2,Materials
2013-11-13,FCX-PPG,1.0,1.0,5.000060873371738,1.0,2,Materials
2013-11-14,FCX-PPG,-1.0,-1.0,5.000062672695572,1.0,2,Materials
2013-11-15,FCX-PPG,1.0,1.0,5.000063929467756,1.0,2,Materials
2013-11-18,FCX-PPG,-1.0,-1.0,5.000064679245213,1.0,2,Materials
2013-10-31,DOV-PCAR,-1.0,-1.0,5.000081206464081,1.0,2,Machinery
2013-09-26,OXY-XOM,-1.0,-1.0,5.000040973035617,1.0,2,Energy
2013-10-10,OXY-XOM,1.0,1.0,5.000039526957671,1.0,2,Energy
2013-10-11,OXY-XOM,-1.0,-1.0,5.000041206413764,1.0,2,Energy
2013-11-05,OXY-XOM,1.0,1.0,5.000040423577831,1.0,2,Energy
2013-11-20,CPB-K,1.0,1.0,5.0,1.0,2,Staples - Food & Beverage
2013-12-09,CPB-K,-1.0,-1.0,5.000064705035696,1.0,2,Staples - Food & Beverage
2014-01-31,CPB-K,-1.0,-1.0,5.000081188372572,1.0,2,Staples - Food & Beverage
2014-02-12,CPB-K,1.0,1.0,5.00008711325035,1.0,2,Staples - Food & Beverage
2014-02-20,CPB-K,-1.0,-1.0,5.000081401343161,1.0,2,Staples - Food & Beverage
2014-01-29,FCX-VMC,1.0,1.0,5.000090842161842,1.0,2,Materials
2014-02-07,FCX-VMC,-1.0,-1.0,5.0000773913776175,1.0,2,Materials
2014-02-10,FCX-VMC,1.0,1.0,5.000077223690993,1.0,2,Materials
2014-02-11,FCX-VMC,-1.0,-1.0,5.000076651978367,1.0,2,Materials
2014-02-12,FCX-VMC,1.0,1.0,5.000077549712955,1.0,2,Materials
2014-02-13,FCX-VMC,-1.0,-1.0,5.000078612048803,1.0,2,Materials
2014-02-14,FCX-VMC,1.0,1.0,5.000079191118811,1.0,2,Materials
2014-02-18,FCX-VMC,-1.0,-1.0,5.000079023905383,1.0,2,Materials
2014-02-19,FCX-VMC,1.0,1.0,5.000079092793225,1.0,2,Materials
2014-04-16,T-VZ,-1.0,-1.0,5.0000219392820995,1.0,2,Media & Telecom
2014-02-27,APA-OXY,1.0,1.0,5.000040636110815,1.0,2,Energy
2014-03-06,APA-OXY,-1.0,-1.0,5.000041150949457,1.0,2,Energy
2014-03-07,APA-OXY,1.0,1.0,5.00004140423897,1.0,2,Energy
2014-03-10,APA-OXY,-1.0,-1.0,5.000041963105939,1.0,2,Energy
2014-03-11,APA-OXY,1.0,1.0,5.000042717611265,1.0,2,Energy
2014-03-13,APA-OXY,-1.0,-1.0,5.000043790941614,1.0,2,Energy
2014-03-14,APA-OXY,1.0,1.0,5.00004426179627,1.0,2,Energy
2014-03-17,APA-OXY,-1.0,-1.0,5.00004501775173,1.0,2,Energy
2014-03-18,APA-OXY,1.0,1.0,5.000045390113789,1.0,2,Energy
2014-03-19,APA-OXY,-1.0,-1.0,5.0000459184612795,1.0,2,Energy
2014-03-20,APA-OXY,1.0,1.0,5.000046453538276,1.0,2,Energy
2014-05-02,APA-OXY,-1.0,-1.0,5.000044323145285,1.0,2,Energy
2014-03-07,COST-HD,1.0,1.0,5.000041795850495,1.0,2,Retail
2014-04-09,COST-HD,-1.0,-1.0,5.000044104968961,1.0,2,Retail
2014-08-07,C-STT,1.0,1.0,5.000057574393779,1.0,2,Banks
2014-07-02,HD-TJX,-1.0,-1.0,5.000048426391384,1.0,2,Retail
2014-08-20,HD-TJX,1.0,1.0,5.0000472677312,1.0,2,Retail
2014-07-24,KO-PEP,1.0,1.0,5.000039052923952,1.0,2,Staples - Food & Beverage
2014-08-08,KO-PEP,-1.0,-1.0,5.000035054779239,1.0,2,Staples - Food & Beverage
2014-08-11,KO-PEP,1.0,1.0,5.000034920847444,1.0,2,Staples - Food & Beverage
2014-08-12,KO-PEP,-1.0,-1.0,5.000035120313186,1.0,2,Staples - Food & Beverage
2014-08-13,KO-PEP,1.0,1.0,5.00003536403675,1.0,2,Staples - Food & Beverage
2014-08-14,KO-PEP,-1.0,-1.0,5.0000352105186385,1.0,2,Staples - Food & Beverage
2014-08-15,KO-PEP,1.0,1.0,5.000035449484679,1.0,2,Staples - Food & Beverage
2014-10-02,AVY-NEM,1.0,1.0,5.00010859784565,1.0,2,Materials
2014-10-14,AVY-NEM,-1.0,-1.0,5.000101206528479,1.0,2,Materials
2014-10-15,AVY-NEM,1.0,1.0,5.000099838732978,1.0,2,Materials
2014-11-03,AVY-NEM,-1.0,-1.0,5.000105267904596,1.0,2,Materials
2014-11-04,AVY-NEM,1.0,1.0,5.000105863497126,1.0,2,Materials
2014-11-05,AVY-NEM,-1.0,-1.0,5.000106457908215,1.0,2,Materials
2014-11-06,AVY-NEM,1.0,1.0,5.000107827979112,1.0,2,Materials
2014-11-07,AVY-NEM,-1.0,-1.0,5.00010847662798,1.0,2,Materials
2014-11-10,AVY-NEM,1.0,1.0,5.0001096568634305,1.0,2,Materials
2014-11-11,AVY-NEM,-1.0,-1.0,5.000111417459658,1.0,2,Materials
2014-11-12,AVY-NEM,1.0,1.0,5.000115096120096,1.0,2,Materials
2014-11-13,AVY-NEM,-1.0,-1.0,5.000116311168094,1.0,2,Materials
2014-11-14,AVY-NEM,1.0,1.0,5.0001172075434965,1.0,2,Materials
2014-10-01,AMD-INTC,1.0,1.0,5.000088658863221,1.0,2,Tech - Semiconductors
2014-10-10,AMD-INTC,-1.0,-1.0,5.000078752619048,1.0,2,Tech - Semiconductors
2014-10-13,AMD-INTC,1.0,1.0,5.00007803890302,1.0,2,Tech - Semiconductors
2014-10-14,AMD-INTC,-1.0,-1.0,5.000079079516603,1.0,2,Tech - Semiconductors
2014-10-15,AMD-INTC,1.0,1.0,5.000079051566554,1.0,2,Tech - Semiconductors
2014-10-16,AMD-INTC,-1.0,-1.0,5.00007819517678,1.0,2,Tech - Semiconductors
2014-10-17,AMD-INTC,1.0,1.0,5.00007578572809,1.0,2,Tech - Semiconductors
2014-10-20,AMD-INTC,-1.0,-1.0,5.000075339530314,1.0,2,Tech - Semiconductors
2014-10-21,AMD-INTC,1.0,1.0,5.000075216739885,1.0,2,Tech - Semiconductors
2014-10-22,AMD-INTC,-1.0,-1.0,5.000074894781554,1.0,2,Tech - Semiconductors
2014-10-23,AMD-INTC,1.0,1.0,5.000074890107518,1.0,2,Tech - Semiconductors
2014-10-24,AMD-INTC,-1.0,-1.0,5.0000751652336355,1.0,2,Tech - Semiconductors
2014-10-27,AMD-INTC,1.0,1.0,5.000076321261863,1.0,2,Tech - Semiconductors
2014-10-28,AMD-INTC,-1.0,-1.0,5.000078995788419,1.0,2,Tech - Semiconductors
2014-10-29,AMD-INTC,1.0,1.0,5.000080564652833,1.0,2,Tech - Semiconductors
2014-10-30,AMD-INTC,-1.0,-1.0,5.000081966366743,1.0,2,Tech - Semiconductors
2014-10-31,AMD-INTC,1.0,1.0,5.000082355664079,1.0,2,Tech - Semiconductors
2014-11-03,AMD-INTC,-1.0,-1.0,5.000083017567784,1.0,2,Tech - Semiconductors
2014-11-04,AMD-INTC,1.0,1.0,5.0000836003319655,1.0,2,Tech - Semiconductors
2014-11-05,AMD-INTC,-1.0,-1.0,5.00008533061075,1.0,2,Tech - Semiconductors
2014-11-06,AMD-INTC,1.0,1.0,5.000090794417069,1.0,2,Tech - Semiconductors
2014-11-07,AMD-INTC,-1.0,-1.0,5.000093994352378,1.0,2,Tech - Semiconductors
2014-11-10,AMD-INTC,1.0,1.0,5.000096688111691,1.0,2,Tech - Semiconductors
2014-11-11,AMD-INTC,-1.0,-1.0,5.000100184923837,1.0,2,Tech - Semiconductors
2014-11-12,AMD-INTC,1.0,1.0,5.000102657895393,1.0,2,Tech - Semiconductors
2014-11-13,AMD-INTC,-1.0,-1.0,5.000106372702226,1.0,2,Tech - Semiconductors
2014-11-14,AMD-INTC,1.0,1.0,5.000117135014301,1.0,2,Tech - Semiconductors
2014-11-17,AMD-INTC,-1.0,-1.0,5.000120336179295,1.0,2,Tech - Semiconductors
2014-11-18,AMD-INTC,1.0,1.0,5.000122474098917,1.0,2,Tech - Semiconductors
2014-08-25,GPS-TGT,-1.0,-1.0,5.0,1.0,2,Retail
2014-10-10,GPS-TGT,1.0,1.0,5.000050174875265,1.0,2,Retail
2015-01-16,INTC-MU,-1.0,-1.0,5.000026569060635,1.0,2,Tech - Semiconductors
2015-02-13,INTC-MU,1.0,1.0,5.000025912897153,1.0,2,Tech - Semiconductors
2015-02-05,CPB-K,-1.0,-1.0,5.0000848787042225,1.0,2,Staples - Food & Beverage
2015-02-13,CPB-K,1.0,1.0,5.000087532305472,1.0,2,Staples - Food & Beverage
2015-02-17,CPB-K,-1.0,-1.0,5.0000880283917715,1.0,2,Staples - Food & Beverage
2014-12-12,DE-EMR,-1.0,-1.0,5.000049289317758,1.0,2,Machinery
2014-12-15,DE-EMR,1.0,1.0,5.000048297177201,1.0,2,Machinery
2014-12-16,DE-EMR,-1.0,-1.0,5.000047196255309,1.0,2,Machinery
2014-12-17,DE-EMR,1.0,1.0,5.000046215131501,1.0,2,Machinery
2014-12-18,DE-EMR,-1.0,-1.0,5.00004533965382,1.0,2,Machinery
2015-01-23,DE-EMR,1.0,1.0,5.000051703783819,1.0,2,Machinery
2015-01-26,DE-EMR,-1.0,-1.0,5.000050669170573,1.0,2,Machinery
2015-01-27,DE-EMR,1.0,1.0,5.000049820339626,1.0,2,Machinery
2015-01-28,DE-EMR,-1.0,-1.0,5.000049061410046,1.0,2,Machinery
2015-01-29,DE-EMR,1.0,1.0,5.000048150980888,1.0,2,Machinery
2015-01-30,DE-EMR,-1.0,-1.0,5.000047098129292,1.0,2,Machinery
2015-02-02,DE-EMR,1.0,1.0,5.000046859046399,1.0,2,Machinery
2015-02-03,DE-EMR,-1.0,-1.0,5.000046791143276,1.0,2,Machinery
2015-02-04,DE-EMR,1.0,1.0,5.000046936080918,1.0,2,Machinery
2015-02-05,DE-EMR,-1.0,-1.0,5.000047433014129,1.0,2,Machinery
2015-02-06,DE-EMR,1.0,1.0,5.000047841230451,1.0,2,Machinery
2015-02-09,DE-EMR,-1.0,-1.0,5.000048294807019,1.0,2,Machinery
2015-02-10,DE-EMR,1.0,1.0,5.000048694706312,1.0,2,Machinery
2015-02-11,DE-EMR,-1.0,-1.0,5.000049074261103,1.0,2,Machinery
2015-02-12,DE-EMR,1.0,1.0,5.000049504288928,1.0,2,Machinery
2015-02-13,DE-EMR,-1.0,-1.0,5.00005042805866,1.0,2,Machinery
2015-02-17,DE-EMR,1.0,1.0,5.000051259038159,1.0,2,Machinery
2015-02-18,DE-EMR,-1.0,-1.0,5.000049277341681,1.0,2,Machinery
2015-02-19,DE-EMR,1.0,1.0,5.000048031125438,1.0,2,Machinery
2015-02-20,DE-EMR,-1.0,-1.0,5.000046204501185,1.0,2,Machinery
2015-03-13,BK-STT,-1.0,-1.0,5.000047704258966,1.0,2,Banks
2015-07-31,ABC-UNH,1.0,1.0,5.00005051139505,1.0,2,Healthcare Services
2015-06-05,CMCSA-T,-1.0,-1.0,5.000026142564471,1.0,2,Media & Telecom
2015-07-27,CMCSA-T,1.0,1.0,5.00002660519626,1.0,2,Media & Telecom
2015-07-29,CMCSA-T,-1.0,-1.0,5.000026738621774,1.0,2,Media & Telecom
2015-08-25,KO-PEP,1.0,1.0,5.0,1.0,2,Staples - Food & Beverage
2015-10-01,KO-PEP,-1.0,-1.0,5.000035861567573,1.0,2,Staples - Food & Beverage
2015-10-23,KO-PEP,-1.0,-1.0,5.000032938533659,1.0,2,Staples - Food & Beverage
2015-08-25,COST-LOW,1.0,1.0,5.0,1.0,2,Retail
2015-08-28,COST-LOW,-1.0,-1.0,5.000034339059277,1.0,2,Retail
2015-10-22,COST-LOW,-1.0,-1.0,5.000043902649626,1.0,2,Retail
2015-09-25,STT-USB,1.0,1.0,5.000054450970702,1.0,2,Banks
2015-10-26,STT-USB,-1.0,-1.0,5.000055940360459,1.0,2,Banks
2015-10-27,STT-USB,1.0,1.0,5.000055427462686,1.0,2,Banks
2015-10-26,COP-MRO,-1.0,-1.0,5.000049465096196,1.0,2,Energy
2016-02-05,BDX-JNJ,1.0,1.0,5.000053804299923,1.0,2,Pharma & Med Device
2015-12-22,CMCSA-T,1.0,1.0,5.000027494197131,1.0,2,Media & Telecom
2016-01-14,CMCSA-T,-1.0,-1.0,5.000030499161307,1.0,2,Media & Telecom
2016-01-15,CMCSA-T,1.0,1.0,5.000030805434104,1.0,2,Media & Telecom
2016-01-19,CMCSA-T,-1.0,-1.0,5.000030688532691,1.0,2,Media & Telecom
2016-01-20,CMCSA-T,1.0,1.0,5.0000307001567315,1.0,2,Media & Telecom
2016-01-21,CMCSA-T,-1.0,-1.0,5.000030706000482,1.0,2,Media & Telecom
2016-01-22,CMCSA-T,1.0,1.0,5.00003086443132,1.0,2,Media & Telecom
2016-01-25,CMCSA-T,-1.0,-1.0,5.000030722508864,1.0,2,Media & Telecom
2016-01-26,CMCSA-T,1.0,1.0,5.000030008411953,1.0,2,Media & Telecom
2016-01-27,CMCSA-T,-1.0,-1.0,5.000029656159125,1.0,2,Media & Telecom
2016-01-28,CMCSA-T,1.0,1.0,5.000029436985235,1.0,2,Media & Telecom
2016-01-29,CMCSA-T,-1.0,-1.0,5.00002890201834,1.0,2,Media & Telecom
2016-02-01,CMCSA-T,1.0,1.0,5.000028810069088,1.0,2,Media & Telecom
2016-02-02,CMCSA-T,-1.0,-1.0,5.000028691113102,1.0,2,Media & Telecom
2016-02-03,CMCSA-T,1.0,1.0,5.000027936376888,1.0,2,Media & Telecom
2016-02-04,CMCSA-T,-1.0,-1.0,5.000026973528237,1.0,2,Media & Telecom
2016-02-05,CMCSA-T,1.0,1.0,5.000026518897686,1.0,2,Media & Telecom
2016-02-08,CMCSA-T,-1.0,-1.0,5.000025846518154,1.0,2,Media & Telecom
2016-02-09,CMCSA-T,1.0,1.0,5.000025607764309,1.0,2,Media & Telecom
2016-02-10,CMCSA-T,-1.0,-1.0,5.000025186328674,1.0,2,Media & Telecom
2016-02-11,CMCSA-T,1.0,1.0,5.000025130486488,1.0,2,Media & Telecom
2016-02-12,CMCSA-T,-1.0,-1.0,5.000025171003301,1.0,2,Media & Telecom
2016-02-16,CMCSA-T,1.0,1.0,5.000025271447204,1.0,2,Media & Telecom
2016-02-17,CMCSA-T,-1.0,-1.0,5.000025233724491,1.0,2,Media & Telecom
2016-02-18,CMCSA-T,1.0,1.0,5.000025593728501,1.0,2,Media & Telecom
2016-02-19,CMCSA-T,-1.0,-1.0,5.000025845046266,1.0,2,Media & Telecom
2016-02-22,CMCSA-T,1.0,1.0,5.000025834035729,1.0,2,Media & Telecom
2016-01-27,HAL-SLB,1.0,1.0,5.000037173906952,1.0,2,Energy
2016-02-12,HAL-SLB,-1.0,-1.0,5.000036027214271,1.0,2,Energy
2016-02-16,HAL-SLB,1.0,1.0,5.000036311654863,1.0,2,Energy
2016-02-17,HAL-SLB,-1.0,-1.0,5.000036564051147,1.0,2,Energy
2016-02-18,HAL-SLB,1.0,1.0,5.000037141382477,1.0,2,Energy
2016-02-19,HAL-SLB,-1.0,-1.0,5.000037509696614,1.0,2,Energy
2016-02-22,HAL-SLB,1.0,1.0,5.0000377958735065,1.0,2,Energy
2016-04-19,COST-LOW,1.0,1.0,5.000044736244719,1.0,2,Retail
2016-05-19,COST-LOW,-1.0,-1.0,5.0000400254243615,1.0,2,Retail
2016-05-20,COST-LOW,1.0,1.0,5.000040149988553,1.0,2,Retail
2016-04-20,CAG-HSY,-1.0,-1.0,5.000073864698339,1.0,2,Staples - Food & Beverage
2016-07-19,DOV-SWK,-1.0,-1.0,5.00007611823754,1.0,2,Machinery
2016-06-28,AIG-LNC,1.0,1.0,5.000073921542109,1.0,2,Insurance
2016-07-01,AIG-LNC,-1.0,-1.0,5.000072507668088,1.0,2,Insurance
2016-11-09,CVS-HUM,1.0,1.0,5.000053555728783,1.0,2,Healthcare Services
2016-11-10,CVS-HUM,-1.0,-1.0,5.00005105536072,1.0,2,Healthcare Services
2016-11-11,CVS-HUM,1.0,1.0,5.000048989225758,1.0,2,Healthcare Services
2016-11-14,CVS-HUM,-1.0,-1.0,5.0000464067369945,1.0,2,Healthcare Services
2016-11-15,CVS-HUM,1.0,1.0,5.000045812849885,1.0,2,Healthcare Services
2016-11-16,CVS-HUM,-1.0,-1.0,5.00004590137644,1.0,2,Healthcare Services
2016-11-17,CVS-HUM,1.0,1.0,5.000044991411861,1.0,2,Healthcare Services
2016-10-21,BAX-JNJ,-1.0,-1.0,5.0000608886612365,1.0,2,Pharma & Med Device
2016-11-10,BAX-JNJ,1.0,1.0,5.000050530728003,1.0,2,Pharma & Med Device
2016-12-05,AFL-MMC,1.0,1.0,5.000064962450849,1.0,2,Insurance
2017-01-27,AFL-MMC,-1.0,-1.0,5.000070154645982,1.0,2,Insurance
2017-02-02,AFL-MMC,1.0,1.0,5.000067365999577,1.0,2,Insurance
2017-02-03,AFL-MMC,-1.0,-1.0,5.00006599737212,1.0,2,Insurance
2017-02-06,AFL-MMC,1.0,1.0,5.000066136422705,1.0,2,Insurance
2017-02-07,AFL-MMC,-1.0,-1.0,5.000066142832689,1.0,2,Insurance
2017-02-08,AFL-MMC,1.0,1.0,5.0000656329845485,1.0,2,Insurance
2017-02-13,AFL-MMC,-1.0,-1.0,5.000066180602737,1.0,2,Insurance
2017-02-14,AFL-MMC,1.0,1.0,5.000066005146639,1.0,2,Insurance
2017-02-16,AFL-MMC,-1.0,-1.0,5.000065370492188,1.0,2,Insurance
2017-02-17,AFL-MMC,1.0,1.0,5.000065296542765,1.0,2,Insurance
2017-02-21,AFL-MMC,-1.0,-1.0,5.000064774536398,1.0,2,Insurance
2016-12-19,K-PEP,1.0,1.0,5.000066742439563,1.0,2,Staples - Food & Beverage
2017-01-25,GLW-HPQ,-1.0,-1.0,5.00005751777921,1.0,2,Tech - Hardware
2017-01-05,DIS-VZ,-1.0,-1.0,5.000028588745133,1.0,2,Media & Telecom
2017-05-03,MRO-OXY,1.0,1.0,5.000052292607729,1.0,2,Energy
2017-03-02,AVY-FCX,-1.0,-1.0,5.000101605223258,1.0,2,Materials
2017-05-09,AVY-FCX,1.0,1.0,5.000097260497318,1.0,2,Materials
2017-05-10,AVY-FCX,-1.0,-1.0,5.000096446889296,1.0,2,Materials
2017-06-30,ETR-SO,-1.0,-1.0,5.000083599358575,1.0,2,Utilities
2017-07-18,ETR-SO,1.0,1.0,5.000091802171492,1.0,2,Utilities
2017-07-19,ETR-SO,-1.0,-1.0,5.000091528289844,1.0,2,Utilities
2017-07-20,ETR-SO,1.0,1.0,5.0000902495969,1.0,2,Utilities
2017-07-21,ETR-SO,-1.0,-1.0,5.000089480438951,1.0,2,Utilities
2017-07-25,ETR-SO,1.0,1.0,5.00009011240499,1.0,2,Utilities
2017-07-26,ETR-SO,-1.0,-1.0,5.00009061183275,1.0,2,Utilities
2017-08-03,ETR-SO,1.0,1.0,5.000086683520772,1.0,2,Utilities
2017-08-09,ETR-SO,-1.0,-1.0,5.000083673813822,1.0,2,Utilities
2017-06-21,GPS-TJX,1.0,1.0,5.000063284989503,1.0,2,Retail
2017-08-21,GPS-TJX,-1.0,-1.0,5.000062652536803,1.0,2,Retail
2017-09-22,GIS-HSY,1.0,1.0,5.0000698677793185,1.0,2,Staples - Food & Beverage
2017-11-10,GIS-HSY,-1.0,-1.0,5.000072636020978,1.0,2,Staples - Food & Beverage
2017-11-07,CVS-UNH,1.0,1.0,5.000027927035452,1.0,2,Healthcare Services
2017-09-14,GPS-TJX,-1.0,-1.0,5.000059185743264,1.0,2,Retail
2017-11-06,GPS-TJX,1.0,1.0,5.000061869795088,1.0,2,Retail
2017-09-13,LLY-PFE,1.0,1.0,5.000045600373992,1.0,2,Pharma & Med Device
2017-11-02,LLY-PFE,-1.0,-1.0,5.000042232055293,1.0,2,Pharma & Med Device
2017-11-03,LLY-PFE,1.0,1.0,5.0000424731306,1.0,2,Pharma & Med Device
