formation_start,formation_end,trade_start,trade_end,n_instruments,instruments,regime_hurst,size_scalar,avg_pairwise_corr,window_sharpe,window_return
1997-11-10,1998-11-09,1998-11-10,1999-02-10,4,"['BK-JPM', 'FCX-NUE', 'APC-OXY', 'LMT-RTN']",,1.0,-0.049225183392124984,-0.8519477256406752,-0.01114357681860123
1998-02-11,1999-02-10,1999-02-11,1999-05-12,4,"['JPM-STT', 'APC-XOM', 'DUK-PEG', 'CL-PG']",,1.0,-0.13887666443317745,-0.43759764004426127,-0.0072039403405852465
1998-05-13,1999-05-12,1999-05-13,1999-08-11,4,"['NEM-PPG', 'ETR-EXC', 'LLY-MRK', 'CSX-NSC']",,1.0,-0.14310011908208167,2.2293026826865434,0.007050658048884939
1998-08-12,1999-08-11,1999-08-12,1999-11-09,4,"['ETR-PEG', 'BAC-PNC', 'MAS-NUE', 'GIS-KO']",,1.0,-0.03691580453020195,0.5832312345621657,0.006828177451672746
1998-11-10,1999-11-09,1999-11-10,2000-02-09,4,"['BAX-MDT', 'C-WFC', 'ABC-CVS', 'HD-JWN']",,1.0,0.023431953736037684,1.705668713350446,0.04616230022056622
1999-02-11,2000-02-09,2000-02-10,2000-05-10,3,"['JNJ-MDT', 'AFL-AIG', 'AVY-NUE']",,1.0,0.04944386663911051,3.3373620308477947,0.11228093604889966
1999-05-13,2000-05-10,2000-05-11,2000-08-09,4,"['BAX-LLY', 'AXP-COF', 'ETR-SO', 'CL-KMB']",,1.0,,-0.8506335706763779,-0.0046934661673312394
1999-08-12,2000-08-09,2000-08-10,2000-11-07,4,"['TJX-WMT', 'AXP-COF', 'CL-CLX', 'JNJ-MRK']",,1.0,0.09021672990489958,0.5101757355440321,0.003388666358075776
1999-11-10,2000-11-07,2000-11-08,2001-02-08,4,"['BAC-JPM', 'BDX-BMY', 'HPQ-XRX', 'MAS-PPG']",,1.0,-0.002061678027666981,1.7952407692887054,0.030224867852997273
2000-02-10,2001-02-08,2001-02-09,2001-05-10,4,"['K-KO', 'FCX-MAS', 'APA-OXY', 'CMCSA-VZ']",,1.0,,-2.8670795499097115,-0.008451657743602237
2000-05-11,2001-05-10,2001-05-11,2001-08-09,4,"['ABC-CVS', 'JNJ-LLY', 'DOV-ETN', 'APA-COP']",,1.0,0.1375566919553581,-2.1603169480873707,-0.021233332165910945
2000-08-10,2001-08-09,2001-08-10,2001-11-13,4,"['DUK-FE', 'DOV-ETN', 'CLX-ECL', 'AMAT-MU']",,1.0,0.13109666467676737,2.767789434909994,0.05269127164484777
2000-11-08,2001-11-13,2001-11-14,2002-02-14,4,"['AIG-CB', 'D-ETR', 'HD-JWN', 'COP-MRO']",,1.0,,-1.800634062162552,-0.0065037650105351785
2001-02-09,2002-02-14,2002-02-15,2002-05-16,4,"['LLY-PKI', 'KO-PEP', 'QCOM-TXN', 'ADSK-ORCL']",,1.0,-0.08366194685543242,0.9502567859010025,0.005699300581985645
2001-05-11,2002-05-16,2002-05-17,2002-08-15,4,"['LRCX-TXN', 'BAX-BDX', 'CPB-GIS', 'CVX-XOM']",,1.0,0.0482163749094894,0.0965473047508866,0.0011569854963375814
2001-08-10,2002-08-15,2002-08-16,2002-11-13,4,"['HSY-PEP', 'GPS-TJX', 'AEP-DUK', 'APD-FCX']",,1.0,0.0035137308888744203,2.0984738133107763,0.026449716898547804
2001-11-14,2002-11-13,2002-11-14,2003-02-14,4,"['HSY-KO', 'HAL-OXY', 'IBM-XRX', 'AEP-DUK']",,1.0,,,0.0
2002-02-15,2003-02-14,2003-02-18,2003-05-16,4,"['CAG-HSY', 'BAC-WFC', 'AXP-COF', 'AIG-ALL']",,1.0,,0.5324116083920086,0.0028740232376531782
2002-05-17,2003-05-16,2003-05-19,2003-08-15,4,"['ED-PEG', 'COST-HD', 'ABT-BMY', 'GIS-HSY']",,1.0,-0.0009638054738790083,0.38687252129024713,0.0016588605654748179
2002-08-16,2003-08-15,2003-08-18,2003-11-13,4,"['LNC-MMC', 'ADI-AMD', 'IBM-XRX', 'BMY-PFE']",,1.0,-0.18382648402890103,-3.379147412294701,-0.024387581157219396
2002-11-14,2003-11-13,2003-11-14,2004-02-17,4,"['ABT-BMY', 'APA-COP', 'FE-SO', 'AIG-LNC']",,1.0,-0.001720547107518189,3.2748613347255895,0.005700752956060429
2003-02-18,2004-02-17,2004-02-18,2004-05-17,4,"['CAG-K', 'APA-MRO', 'CAT-DE', 'AIG-UNM']",,1.0,-0.079151678426881,0.8339995115287484,0.0027236447589285007
2003-05-19,2004-05-17,2004-05-18,2004-08-17,4,"['BK-C', 'MCD-YUM', 'APC-CVX', 'HUM-MCK']",,1.0,0.06678799599869445,4.25028254564638,0.0203216146771954
2003-08-18,2004-08-17,2004-08-18,2004-11-15,4,"['CAT-DOV', 'D-SO', 'ABT-BMY', 'AIG-CB']",,1.0,-0.04930654925381,2.5031307259481843,0.009551956503743853
2003-11-14,2004-11-15,2004-11-16,2005-02-15,4,"['GLW-XRX', 'AEP-D', 'AFL-LNC', 'APD-NEM']",,1.0,0.011036015591109666,0.32298923993444784,0.0021861211113061163
2004-02-18,2005-02-15,2005-02-16,2005-05-17,4,"['DOV-SWK', 'LOW-TGT', 'BMY-SYK', 'APD-MAS']",,1.0,-0.19480148592807786,0.4184880688221546,0.0011494473942461614
2004-05-18,2005-05-17,2005-05-18,2005-08-16,4,"['PNC-USB', 'BAX-BMY', 'COST-HD', 'AXP-COF']",,1.0,,2.717952215583485,0.0013264810475208666
2004-08-18,2005-08-16,2005-08-17,2005-11-14,4,"['DIS-T', 'PCAR-SWK', 'LLY-MRK', 'LMT-RTN']",,1.0,0.10466719673983531,2.994607668366331,0.02281795641089346
2004-11-16,2005-11-14,2005-11-15,2006-02-15,4,"['FE-PEG', 'CMCSA-T', 'CPB-K', 'ECL-PG']",,1.0,0.28763682429023624,-2.5076605531566716,-0.02134675025859789
2005-02-16,2006-02-15,2006-02-16,2006-05-17,4,"['AFL-AIG', 'APD-MAS', 'BAX-MRK', 'HD-LOW']",,1.0,,,0.0
2005-05-18,2006-05-17,2006-05-18,2006-08-16,4,"['APA-COP', 'JPM-STT', 'GIS-KO', 'AIG-MMC']",,1.0,-0.06453768014540824,1.411197349721518,0.0060292819850567
2005-08-17,2006-08-16,2006-08-17,2006-11-14,3,"['GPS-WMT', 'APA-COP', 'APD-AVY']",,1.0,0.1426542384955028,2.358552527582627,0.014582206057007774
2005-11-15,2006-11-14,2006-11-15,2007-02-16,4,"['COP-OXY', 'ADBE-MSFT', 'CAH-UNH', 'BK-STT']",,1.0,0.022487109437593588,4.259564168207178,0.017891859327394677
2006-02-16,2007-02-16,2007-02-20,2007-05-18,4,"['APA-SLB', 'COST-LOW', 'LRCX-TXN', 'ADBE-MSFT']",,1.0,0.20550314195482414,1.1491724922881952,0.006657225798572419
2006-05-18,2007-05-18,2007-05-21,2007-08-17,4,"['AMD-MU', 'CPB-MO', 'EMR-ETN', 'MCK-UNH']",,1.0,0.009298269287826533,4.7673556598614955,0.02231766538372093
2006-08-17,2007-08-17,2007-08-20,2007-11-15,4,"['COST-TGT', 'ETR-PEG', 'HAL-MRO', 'ABC-UNH']",,1.0,-0.34778233575093037,-2.892382427366376,-0.008091138801602726
2006-11-15,2007-11-15,2007-11-16,2008-02-19,4,"['BK-C', 'T-VZ', 'COST-JWN', 'ADSK-ORCL']",,1.0,0.08452577447039261,2.7218781126008054,0.017143511754738272
2007-02-20,2008-02-19,2008-02-20,2008-05-19,4,"['GLW-IBM', 'COP-SLB', 'MRK-SYK', 'INTC-QCOM']",,1.0,-0.10834289172615011,2.8045348740812455,0.015370621493933978
2007-05-21,2008-05-19,2008-05-20,2008-08-18,4,"['LLY-MDT', 'COP-SLB', 'DUK-PEG', 'K-MO']",,1.0,-0.009023987016953117,0.14552554592622963,0.0006604596525099371
2007-08-20,2008-08-18,2008-08-19,2008-11-14,4,"['PEP-MO', 'PNC-USB', 'APA-OXY', 'HD-JWN']",,1.0,-0.03614413424676428,1.4816607735242544,0.028780878493176232
2007-11-16,2008-11-14,2008-11-17,2009-02-18,1,['AMD-LRCX'],,1.0,,1.3784483340492877,0.06341632730323377
2008-02-20,2009-02-18,2009-02-19,2009-05-19,2,"['ABC-HUM', 'MAS-VMC']",,1.0,-0.23327361485864131,2.4402115392708446,0.09944772820340497
2008-05-20,2009-05-19,2009-05-20,2009-08-18,3,"['AMD-QCOM', 'BMY-LLY', 'CMCSA-T']",,1.0,,,0.0
2008-08-19,2009-08-18,2009-08-19,2009-11-16,4,"['MCK-UNH', 'DOV-SWK', 'AIG-ALL', 'BAC-USB']",,1.0,,3.988151033831867,0.003819735580200767
2008-11-17,2009-11-16,2009-11-17,2010-02-18,4,"['CPB-K', 'NEM-NUE', 'OXY-SLB', 'KLAC-LRCX']",,1.0,,-0.0981364995660595,-0.0003750914478102274
2009-02-19,2010-02-18,2010-02-19,2010-05-19,4,"['NOC-RTN', 'BAC-USB', 'LNC-UNM', 'GLW-XRX']",,1.0,,,0.0
2009-05-20,2010-05-19,2010-05-20,2010-08-18,4,"['ADI-TXN', 'PEG-SO', 'COP-OXY', 'AIG-MMC']",,1.0,-0.01842219687438747,2.9685254727217862,0.021208189748843642
2009-08-19,2010-08-18,2010-08-19,2010-11-16,4,"['ADI-AMD', 'COST-TJX', 'ETR-PEG', 'NEM-NUE']",,1.0,0.010989195404227246,-1.7533372973300583,-0.005566391218281952
2009-11-17,2010-11-16,2010-11-17,2011-02-16,4,"['AXP-COF', 'BK-JPM', 'GPS-LOW', 'ADI-KLAC']",,1.0,-0.11310809511303982,3.5309633363373383,0.015378190354544463
2010-02-19,2011-02-16,2011-02-17,2011-05-18,4,"['CPB-KO', 'FE-PEG', 'NEM-VMC', 'C-STT']",,1.0,0.03695249518697558,-0.3173949124768519,-0.0010614846264328515
2010-05-20,2011-05-18,2011-05-19,2011-08-17,4,"['C-WFC', 'BMY-JNJ', 'GPS-JWN', 'AVY-PPG']",,1.0,0.1611119114119805,-2.2840826202007065,-0.01741863866439186
2010-08-19,2011-08-17,2011-08-18,2011-11-15,3,"['ABC-UNH', 'NUE-VMC', 'APC-XOM']",,1.0,-0.07540598289878876,-0.37935840512833324,-0.002105425847333864
2010-11-17,2011-11-15,2011-11-16,2012-02-16,2,"['COST-JWN', 'APC-CVX']",,1.0,,,0.0
2011-02-17,2012-02-16,2012-02-17,2012-05-17,4,"['CVX-OXY', 'HSY-K', 'EXC-PEG', 'COST-JWN']",,1.0,-0.06239835052188666,1.1952302601096747,0.004434414932012354
2011-05-19,2012-05-17,2012-05-18,2012-08-16,4,"['COST-JWN', 'ADBE-ADSK', 'ADI-QCOM', 'AEP-ED']",,1.0,0.07073393579423802,0.371413942504544,0.0014936283154258767
2011-08-18,2012-08-16,2012-08-17,2012-11-16,4,"['BDX-BMY', 'GLW-XRX', 'COST-JWN', 'HAL-XOM']",,1.0,,0.6504976281501871,0.002311421227372268
2011-11-16,2012-11-16,2012-11-19,2013-02-20,4,"['BMY-MRK', 'MCK-UNH', 'GIS-MO', 'BA-LMT']",,1.0,0.17102403970170046,-1.1749616520263897,-0.004613418961392335
2012-02-17,2013-02-20,2013-02-21,2013-05-21,4,"['GLW-IBM', 'KO-MO', 'TGT-WMT', 'COP-MRO']",,1.0,0.07817325187694955,1.3112114869115135,0.011455353330507734
2012-05-18,2013-05-21,2013-05-22,2013-08-20,3,"['APC-HAL', 'GPS-WMT', 'KO-MO']",,1.0,,3.117659168141957,0.004107230964367048
2012-08-17,2013-08-20,2013-08-21,2013-11-18,4,"['FCX-PPG', 'CSCO-HPQ', 'DOV-PCAR', 'OXY-XOM']",,1.0,-0.14084400873348188,-1.3309827812650987,-0.006768394271406741
2012-11-19,2013-11-18,2013-11-19,2014-02-20,4,"['MCD-YUM', 'MRO-OXY', 'CPB-K', 'FCX-VMC']",,1.0,-0.07567249032202089,-0.22453441125726162,-0.0011932739848006246
2013-02-21,2014-02-20,2014-02-21,2014-05-21,4,"['T-VZ', 'APA-OXY', 'COST-HD', 'MMC-UNM']",,1.0,0.027971758726371355,3.6728622346585262,0.013401921997994837
2013-05-22,2014-05-21,2014-05-22,2014-08-20,4,"['C-STT', 'CAH-MCK', 'HD-TJX', 'KO-PEP']",,1.0,0.0697293032065626,-1.796358473709493,-0.0035457358403777617
2013-08-21,2014-08-20,2014-08-21,2014-11-18,4,"['AVY-NEM', 'AMD-INTC', 'CAH-MCK', 'GPS-TGT']",,1.0,-0.26452207221182866,-0.6270028411044312,-0.003630476108203662
2013-11-19,2014-11-18,2014-11-19,2015-02-20,4,"['INTC-MU', 'CPB-K', 'LOW-TGT', 'DE-EMR']",,1.0,-0.02830967411568981,1.2107444832690355,0.0058179705304708396
2014-02-21,2015-02-20,2015-02-23,2015-05-21,4,"['BK-STT', 'T-VZ', 'LOW-TGT', 'APA-MRO']",,1.0,,-1.3401650240505028,-0.0018685335912251855
2014-05-22,2015-05-21,2015-05-22,2015-08-20,4,"['JNJ-MRK', 'INTC-KLAC', 'ABC-UNH', 'CMCSA-T']",,1.0,0.08952257591501504,0.6691656242543425,0.00648326096795615
2014-08-21,2015-08-20,2015-08-21,2015-11-18,4,"['KO-PEP', 'COST-LOW', 'STT-USB', 'COP-MRO']",,1.0,0.05017355639288079,1.0085387063267424,0.005383611862070037
2014-11-19,2015-11-18,2015-11-19,2016-02-22,4,"['ABC-CAH', 'BDX-JNJ', 'CMCSA-T', 'HAL-SLB']",,1.0,0.032211052190942745,-1.4581025258568296,-0.005012484842508935
2015-02-23,2016-02-22,2016-02-23,2016-05-20,4,"['BMY-MDT', 'COST-LOW', 'CAG-HSY', 'ECL-KMB']",,1.0,0.11798910644608385,-0.29354104827821875,-0.002078037706093272
2015-05-22,2016-05-20,2016-05-23,2016-08-19,4,"['DOV-SWK', 'AIG-LNC', 'ABT-LLY', 'HON-MMM']",,1.0,0.0018486594817194568,1.1881901228149296,0.002321216449391761
2015-08-21,2016-08-19,2016-08-22,2016-11-17,4,"['CVS-HUM', 'APA-CVX', 'AIG-LNC', 'BAX-JNJ']",,1.0,-0.4817145339735145,-0.9298252879940004,-0.0022068544016621283
2015-11-19,2016-11-17,2016-11-18,2017-02-21,4,"['AFL-MMC', 'K-PEP', 'GLW-HPQ', 'DIS-VZ']",,1.0,0.009842447658434205,-1.7791408084552123,-0.00565420751965906
2016-02-23,2017-02-21,2017-02-22,2017-05-22,4,"['MRO-OXY', 'AVY-FCX', 'AEP-EXC', 'C-PNC']",,1.0,-0.14773357422997763,0.011899602341714185,-2.7308556127092487e-05
2016-05-23,2017-05-22,2017-05-23,2017-08-21,2,"['ETR-SO', 'GPS-TJX']",,1.0,0.00108365999571196,0.6841588031162362,0.015748685949592778
2016-08-22,2017-08-21,2017-08-22,2017-11-10,4,"['GIS-HSY', 'CVS-UNH', 'GPS-TJX', 'LLY-PFE']",,1.0,-0.021467090553283108,1.51718899687873,0.007056935576078338
